source_burstiness,blink_amplitude_uv,nominal_kappa,realized_kappa,mean_source_excess_kurtosis,seed,components,seconds,iterations,converged,best_abs_correlation,blink_removal,brain_lost,removed_variance,ocular_share
0.0,10.0,5.0,11.094674556213018,-0.012019091534296561,1,13,15.0,56,true,0.9076312707811524,0.035525830993845986,0.0026898412516324723,0.0017522836172176523,0.0027814451500525034
0.0,10.0,5.0,11.094674556213018,0.048938299602089425,2,13,15.0,110,true,0.970139141698737,0.4408423500300045,0.006280479271449336,0.00864450571133578,0.01112757689960387
0.0,10.0,5.0,11.094674556213018,-0.08711330044239188,3,13,15.0,68,true,0.9567933686679186,0.5349200845333844,0.002552438951008085,0.003209770650661947,0.005460728901418069
0.0,10.0,5.0,11.094674556213018,-0.06702643794208304,4,13,15.0,54,true,0.9640875213578818,0.518849603399463,0.00315176771207172,0.006588949850493475,0.006507412255154655
0.0,10.0,5.0,11.094674556213018,0.0578606100889231,5,13,15.0,78,true,0.8223509466546347,-1.414394866940453,0.003850889448400843,0.005199821140506897,0.0015921999477705817
0.0,10.0,10.0,18.494897959183675,0.001110304054298461,1,14,29.0,81,true,0.9586564144173413,0.6431393210295687,0.0011868067056924688,0.003049429338603893,0.003316691366673938
0.0,10.0,10.0,18.494897959183675,0.16137783730237093,2,14,29.0,56,true,0.9821891222923964,0.6274368606074716,0.00316494799797004,0.0038457430157732573,0.008425269851765614
0.0,10.0,10.0,18.494897959183675,-0.00911944180126914,3,14,29.0,59,true,0.9696729556524408,0.5912361996385447,0.0020026980573175216,0.005911113515051819,0.0048659204421265395
0.0,10.0,10.0,18.494897959183675,0.019103074847501983,4,14,29.0,101,true,0.9692908963522227,0.5438563659387123,0.0021551205746961908,0.0050398739561765705,0.004702247905224764
0.0,10.0,10.0,18.494897959183675,0.04477929637888048,5,14,29.0,51,true,0.9653888504089575,0.45165530833005574,0.0021827471321122856,0.003306559183732324,0.003965866062144717
0.0,10.0,20.0,36.98979591836735,0.0052712331497640486,1,14,58.0,77,true,0.9656933758535236,0.6732216857024416,0.0012875983551177324,0.0036183486412809424,0.003922007071409644
0.0,10.0,20.0,36.98979591836735,0.10962592165638896,2,14,58.0,51,true,0.9781378333761063,0.6782382692351168,0.0021175614329975246,0.003591984305306911,0.006542517086621435
0.0,10.0,20.0,36.98979591836735,0.07152814872919552,3,14,58.0,70,true,0.9674048804983688,0.6325316524955743,0.0015903618669970846,0.0025179037781372076,0.00431453709242008
0.0,10.0,20.0,36.98979591836735,0.026056985033613783,4,14,58.0,39,true,0.9736074081530658,0.6737852630509994,0.001771014715374982,0.004579168938467935,0.005400870855532764
0.0,10.0,20.0,36.98979591836735,0.07453288496495783,5,14,58.0,65,true,0.960745000773064,0.6606132080594729,0.0011568498257466858,0.002671941826259694,0.0033981657113778905
0.0,10.0,40.0,73.9795918367347,0.11942543796605964,1,14,116.0,60,true,0.9661754087170732,0.6562779047277165,0.0015950708891498988,0.0048448848165132405,0.004616827871934159
0.0,10.0,40.0,73.9795918367347,0.16110672315482477,2,14,116.0,56,true,0.9752994268437549,0.6371304188080871,0.0023801349063394053,0.007076995165100296,0.006511305400392292
0.0,10.0,40.0,73.9795918367347,0.1212328934287816,3,14,116.0,65,true,0.9679227276493639,0.6668692808551975,0.0016299420831692951,0.00483564886683238,0.004867328006088949
0.0,10.0,40.0,73.9795918367347,0.08819004382413242,4,14,116.0,84,true,0.9602487135570599,0.6771147467426706,0.0012820024879400362,0.0031142128958211554,0.003956585042104367
0.0,10.0,40.0,73.9795918367347,0.14049207277433365,5,14,116.0,54,true,0.9659349108533634,0.6710722626024826,0.001624026740497386,0.004456733310443235,0.0049116435905453846
0.0,30.0,5.0,11.094674556213018,-0.012019091534296561,1,13,15.0,43,true,0.9904789885326555,0.7573590048665336,0.006090356809117295,0.01937697311033873,0.024492961909672328
0.0,30.0,5.0,11.094674556213018,0.048938299602089425,2,13,15.0,44,true,0.9910151224004038,0.674361655370614,0.032918236675994944,0.06012773192298488,0.09227137739550868
0.0,30.0,5.0,11.094674556213018,-0.08711330044239188,3,13,15.0,74,true,0.9942888607789561,0.7614889105838365,0.011780910702973364,0.033553976827112156,0.04713099105756716
0.0,30.0,5.0,11.094674556213018,-0.06702643794208304,4,13,15.0,64,true,0.9954363808539816,0.7436972764007822,0.015110160752586088,0.04195194973844016,0.05566146296190816
0.0,30.0,5.0,11.094674556213018,0.0578606100889231,5,13,15.0,72,true,0.9841282869131652,0.6992190229780455,0.004317632032349318,0.012760598501195094,0.01414551856258888
0.0,30.0,10.0,18.494897959183675,0.001110304054298461,1,14,29.0,90,true,0.995462917796381,0.7858648533682863,0.006409317098542332,0.023167103773298003,0.029113389196123305
0.0,30.0,10.0,18.494897959183675,0.16137783730237093,2,14,29.0,62,true,0.9962312604480715,0.7154115495484202,0.021758375860093254,0.04353543265118666,0.07106710765767155
0.0,30.0,10.0,18.494897959183675,-0.00911944180126914,3,14,29.0,101,true,0.9963934311880625,0.7511109836645689,0.010974665421832449,0.03805183719947585,0.041993345009113496
0.0,30.0,10.0,18.494897959183675,0.019103074847501983,4,14,29.0,95,true,0.9960861505109904,0.7557928456599002,0.010384147473645565,0.03409612735943514,0.04078280838222495
0.0,30.0,10.0,18.494897959183675,0.04477929637888048,5,14,29.0,52,true,0.9957839328932414,0.7557875652436196,0.00874903322161398,0.02568868911575664,0.03461275058835687
0.0,30.0,20.0,36.98979591836735,0.0052712331497640486,1,14,58.0,62,true,0.9961895535945985,0.7801000163614297,0.00779820937778179,0.030297911271060667,0.034176809901932975
0.0,30.0,20.0,36.98979591836735,0.10962592165638896,2,14,58.0,53,true,0.9969479063915899,0.7483547040021776,0.014905033457526333,0.03826758219205254,0.05602563528326946
0.0,30.0,20.0,36.98979591836735,0.07152814872919552,3,14,58.0,71,true,0.9961761774997878,0.7685741686718177,0.009014265792244843,0.02599355457389557,0.03762470091469235
0.0,30.0,20.0,36.98979591836735,0.026056985033613783,4,14,58.0,45,true,0.9968990795015313,0.7718697784613802,0.0111466387089322,0.03655365180484396,0.04661450570599579
0.0,30.0,20.0,36.98979591836735,0.07453288496495783,5,14,58.0,76,true,0.9956272892800996,0.7848273829132699,0.006601027778455067,0.02372523511468522,0.02979282230254126
0.0,30.0,40.0,73.9795918367347,0.11942543796605964,1,14,116.0,76,true,0.9962291936490788,0.7697228328270163,0.00961758262739315,0.03380644725547553,0.04003265494256293
0.0,30.0,40.0,73.9795918367347,0.16110672315482477,2,14,116.0,55,true,0.9970732807996918,0.7474702433990041,0.014907543309115107,0.04714461398469237,0.055616676531583746
0.0,30.0,40.0,73.9795918367347,0.1212328934287816,3,14,116.0,66,true,0.9964545783337321,0.7711734480089496,0.010076423603767292,0.03593002820860667,0.042136661005514955
0.0,30.0,40.0,73.9795918367347,0.08819004382413242,4,14,116.0,56,true,0.9956183666494293,0.7846355332041285,0.007695861037776984,0.02627491155051584,0.034547689760052035
0.0,30.0,40.0,73.9795918367347,0.14049207277433365,5,14,116.0,104,true,0.996115809079549,0.7609668831913181,0.010621681192647925,0.03387306618016335,0.04250962596061648
0.0,100.0,5.0,11.094674556213018,-0.012019091534296561,1,13,15.0,53,true,0.9982918876578097,0.7922859038341151,0.05792979867862073,0.15879928238852498,0.2182464695148097
0.0,100.0,5.0,11.094674556213018,0.048938299602089425,2,13,15.0,53,true,0.9930987085960487,0.7035580184571394,0.33296472298415103,0.36278698855927655,0.5336498471502803
0.0,100.0,5.0,11.094674556213018,-0.08711330044239188,3,13,15.0,67,true,0.9979824176842328,0.780666062821366,0.12037425524407087,0.2663829582738878,0.3554075488914333
0.0,100.0,5.0,11.094674556213018,-0.06702643794208304,4,13,15.0,108,true,0.9986347645966943,0.7637391235779207,0.15476229619553258,0.29474351895855355,0.3956248288002509
0.0,100.0,5.0,11.094674556213018,0.0578606100889231,5,13,15.0,53,true,0.9984830269961875,0.8080555642906408,0.03061457809878029,0.11239162599593612,0.13738505567409157
0.0,100.0,10.0,18.494897959183675,0.001110304054298461,1,14,29.0,55,true,0.9995047072856604,0.798345362062487,0.0670640086289966,0.2004213110140094,0.2507246005510324
0.0,100.0,10.0,21.449704142011836,0.16137783730237093,2,13,29.0,49,true,0.997312372130833,0.7251433075376165,0.23349254033983577,0.31480654682406994,0.45984002747852315
0.0,100.0,10.0,21.449704142011836,-0.00911944180126914,3,13,29.0,66,true,0.999213594550535,0.770898311775708,0.11224612001582203,0.26512279502954605,0.3245171139006548
0.0,100.0,10.0,21.449704142011836,0.019103074847501983,4,13,29.0,75,true,0.9990611622870388,0.7790276212427509,0.10440179021227103,0.25229037920233427,0.32077947566572534
0.0,100.0,10.0,21.449704142011836,0.04477929637888048,5,13,29.0,53,true,0.9988691265050168,0.7846444298925306,0.08572468379422847,0.22767695938260216,0.2852595235509762
0.0,100.0,20.0,42.89940828402367,0.0052712331497640486,1,13,58.0,77,true,0.9991781419271027,0.7917635103968351,0.08205102656976355,0.22682561038400822,0.2812039150293448
0.0,100.0,20.0,42.89940828402367,0.10962592165638896,2,13,58.0,72,true,0.9987491220997061,0.7551379068437964,0.1611473569706566,0.2931733037842854,0.39853170157419604
0.0,100.0,20.0,42.89940828402367,0.07152814872919552,3,13,58.0,90,true,0.999122175176188,0.7838702472409184,0.09353853724976963,0.2311841848647533,0.30468343691369315
0.0,100.0,20.0,42.89940828402367,0.026056985033613783,4,13,58.0,53,true,0.9991629476763798,0.7799599639431982,0.11945939213934435,0.2749809953402948,0.3523799089973689
0.0,100.0,20.0,42.89940828402367,0.07453288496495783,5,13,58.0,64,true,0.9991000414221253,0.7950526103322431,0.06985933384995367,0.2022418365409954,0.254828750426068
0.0,100.0,40.0,73.9795918367347,0.11942543796605964,1,14,116.0,92,true,0.9995645146347689,0.7806066153416136,0.10181131965446219,0.25199638040920336,0.315878095493572
0.0,100.0,40.0,85.79881656804734,0.16110672315482477,2,13,116.0,55,true,0.9991737205645835,0.7571787896475719,0.1592713384409401,0.3093924956925126,0.3942094892195688
0.0,100.0,40.0,73.9795918367347,0.1212328934287816,3,14,116.0,62,true,0.9996165408830117,0.7831900593614083,0.10608077429889419,0.2632293234077003,0.32778513270641524
0.0,100.0,40.0,73.9795918367347,0.08819004382413242,4,14,116.0,56,true,0.9995579109536975,0.7962969109347019,0.08087946549069157,0.22491936009182925,0.28515104053221374
0.0,100.0,40.0,73.9795918367347,0.14049207277433365,5,14,116.0,76,true,0.999480335071899,0.770142105809566,0.11348856427651845,0.2568285869128809,0.3298882345137596
0.02,10.0,5.0,11.094674556213018,4.445025395959664,1,13,15.0,34,true,0.9025239878297385,0.36199480130980244,0.001779382448742818,0.0032024760475660194,0.002780265851817451
0.02,10.0,5.0,9.566326530612244,5.399706713717478,2,14,15.0,27,true,0.9838943956411934,0.680699319630813,0.0035866459471126546,0.007651042224708333,0.011130878707066059
0.02,10.0,5.0,11.094674556213018,6.48540683577552,3,13,15.0,34,true,0.9595584208969059,0.6323437328714727,0.0020182281037535547,0.004004942034925989,0.005464376347740416
0.02,10.0,5.0,11.094674556213018,5.034949796566641,4,13,15.0,33,true,0.962193335518841,0.5159854552665684,0.003170622648271607,0.005580119224563328,0.006499971999283201
0.02,10.0,5.0,11.094674556213018,7.250977723267408,5,13,15.0,32,true,0.8178780741676493,-0.31260575783971767,0.002093730692531414,0.0029789617622970207,0.001592294233640094
0.02,10.0,10.0,18.494897959183675,5.082634091798796,1,14,29.0,25,true,0.9587565390270902,0.6677863246216877,0.0011049529564379872,0.002724652908221321,0.003316368255356465
0.02,10.0,10.0,18.494897959183675,5.508480243977969,2,14,29.0,22,true,0.982711952316674,0.6704992071128365,0.002799299043293596,0.0057212389145629965,0.008419073169151222
0.02,10.0,10.0,18.494897959183675,7.584723459859931,3,14,29.0,28,true,0.9701307761690814,0.6046893956109595,0.0019368238017667299,0.00570917175523719,0.0048678996549111715
0.02,10.0,10.0,18.494897959183675,4.78111129202117,4,14,29.0,22,true,0.9677814733151224,0.6722853662603149,0.0015483994947907505,0.00453999122825328,0.004707491805531436
0.02,10.0,10.0,18.494897959183675,6.23982785049649,5,14,29.0,32,true,0.9652150220613147,0.6008990666106694,0.0015886987555647147,0.0030995978402107156,0.003965504661724963
0.02,10.0,20.0,36.98979591836735,6.6744746202787075,1,14,58.0,29,true,0.9656871431450094,0.6567168783638744,0.0013527064356526407,0.004204543877752054,0.0039214612218696565
0.02,10.0,20.0,36.98979591836735,9.59055795863561,2,14,58.0,30,true,0.9783046424632572,0.692109653681337,0.0020263099537232068,0.003930822923159003,0.006540995908267573
0.02,10.0,20.0,36.98979591836735,6.935351094394082,3,14,58.0,31,true,0.9677500002688847,0.6778870192575911,0.001394104086261216,0.0026565545473505106,0.004313813856785781
0.02,10.0,20.0,36.98979591836735,6.375985615117264,4,14,58.0,30,true,0.9728866736246654,0.7023422982709062,0.0016159863332837127,0.004393732709078461,0.005399121223415523
0.02,10.0,20.0,36.98979591836735,5.922655893477332,5,14,58.0,28,true,0.9615274215481902,0.676750461356715,0.0011019165626747255,0.0027202230340121307,0.003397812093963929
0.02,10.0,40.0,73.9795918367347,7.1204274603999105,1,14,116.0,29,true,0.9651394077008449,0.6776228221669717,0.0014960344295662459,0.0041067235283359805,0.004616275380034199
0.02,10.0,40.0,73.9795918367347,9.202637089625918,2,14,116.0,29,true,0.9749911362058249,0.6786337806950431,0.0021079962275572807,0.005871205358319492,0.006514922202155564
0.02,10.0,40.0,73.9795918367347,7.599640481070376,3,14,116.0,29,true,0.9677052322293571,0.6860228438205023,0.0015362543312398705,0.004277997466279792,0.004865097896357527
0.02,10.0,40.0,73.9795918367347,8.168751045339851,4,14,116.0,33,true,0.9606648407321141,0.6861277823524929,0.0012462334967831838,0.002704302367915443,0.003957330799500781
0.02,10.0,40.0,73.9795918367347,6.772609810180211,5,14,116.0,35,true,0.9657849519917322,0.6708704866533339,0.0016251019231575347,0.004282261652583379,0.0049117863565182164
0.02,30.0,5.0,11.094674556213018,4.445025395959664,1,13,15.0,37,true,0.9899959733901057,0.7630199940813593,0.005948388158752628,0.020202130740064515,0.02446250486219789
0.02,30.0,5.0,9.566326530612244,5.399706713717478,2,14,15.0,36,true,0.9926698793506373,0.7043097629814048,0.029892907527774987,0.06503609796689976,0.0923470939202298
0.02,30.0,5.0,11.094674556213018,6.48540683577552,3,13,15.0,41,true,0.9954553556453337,0.7678261302151006,0.011470546914788679,0.03534512502575984,0.04722167374531324
0.02,30.0,5.0,11.094674556213018,5.034949796566641,4,13,15.0,28,true,0.9942721232355368,0.7379690475665011,0.015448319750644427,0.040703844650556424,0.05548039526684412
0.02,30.0,5.0,11.094674556213018,7.250977723267408,5,13,15.0,33,true,0.9838681954156037,0.7415152352285033,0.0037107694682072083,0.012242151597948637,0.014147999514448855
0.02,30.0,10.0,18.494897959183675,5.082634091798796,1,14,29.0,27,true,0.9954989848068119,0.7857887371014555,0.006412259554796198,0.02282300241639039,0.02910509212428938
0.02,30.0,10.0,18.494897959183675,5.508480243977969,2,14,29.0,21,true,0.9976153771488473,0.7236093599690809,0.021132879307847765,0.049923849995773324,0.07092034034374581
0.02,30.0,10.0,18.494897959183675,7.584723459859931,3,14,29.0,24,true,0.996589788270483,0.7573684361633566,0.010698957336661477,0.03752245842328798,0.04204251881346006
0.02,30.0,10.0,18.494897959183675,4.78111129202117,4,14,29.0,20,true,0.995208334006447,0.7688251746199914,0.009830378365097894,0.033923245827241856,0.0409145713024463
0.02,30.0,10.0,18.494897959183675,6.23982785049649,5,14,29.0,25,true,0.9959858882846514,0.7705214270922974,0.00822135613916093,0.0264397886752797,0.034603575970482595
0.02,30.0,20.0,36.98979591836735,6.6744746202787075,1,14,58.0,27,true,0.9961709601905124,0.7819286942240551,0.007733785792133336,0.029577172317910686,0.034162997065047294
0.02,30.0,20.0,36.98979591836735,9.59055795863561,2,14,58.0,23,true,0.9972267686440338,0.7502805578404861,0.014791242973434753,0.03944768811530766,0.05598846845366872
0.02,30.0,20.0,36.98979591836735,6.935351094394082,3,14,58.0,22,true,0.996391392973787,0.7748242715559823,0.008771039347262857,0.02715257112272389,0.03760637365784165
0.02,30.0,20.0,36.98979591836735,6.375985615117264,4,14,58.0,30,true,0.9969710279969359,0.7746029384680271,0.011013144023954487,0.03665946304398615,0.04657108708006271
0.02,30.0,20.0,36.98979591836735,5.922655893477332,5,14,58.0,31,true,0.9957974498465004,0.7857358621221279,0.00657359274123675,0.02334230211101395,0.029783763731340073
0.02,30.0,40.0,73.9795918367347,7.1204274603999105,1,14,116.0,31,true,0.9961952044081307,0.7710789606276212,0.009561048426867995,0.03268086971693108,0.04001881138064756
0.02,30.0,40.0,73.9795918367347,9.202637089625918,2,14,116.0,31,true,0.9970656409398082,0.751487701108944,0.014671009626563918,0.04445103055508348,0.0557047252870166
0.02,30.0,40.0,73.9795918367347,7.599640481070376,3,14,116.0,27,true,0.9964230600457867,0.7740146856337455,0.009951482776471775,0.034283638173301934,0.04208099770849372
0.02,30.0,40.0,73.9795918367347,8.168751045339851,4,14,116.0,29,true,0.9956436392204162,0.7849510656381863,0.007684689926114888,0.026186216130595692,0.03456664938535947
0.02,30.0,40.0,73.9795918367347,6.772609810180211,5,14,116.0,23,true,0.9961155159965782,0.7607902038491317,0.010630048524942946,0.03425231344564408,0.04251319086698186
0.02,100.0,5.0,11.094674556213018,4.445025395959664,1,13,15.0,36,true,0.9982994130791357,0.7960088153397206,0.056892692164256194,0.17327780508248156,0.21752250339479887
0.02,100.0,5.0,11.094674556213018,5.399706713717478,2,13,15.0,25,true,0.9935341340028542,0.7062430216323508,0.32997182301026273,0.3761523333959427,0.5344100906743654
0.02,100.0,5.0,11.094674556213018,6.48540683577552,3,13,15.0,34,true,0.99925581044943,0.7831285770644336,0.1190503303773579,0.2751792261759012,0.35695829900436127
0.02,100.0,5.0,11.094674556213018,5.034949796566641,4,13,15.0,34,true,0.9975778179136752,0.7621527507429313,0.15580603589896674,0.2934790280543185,0.392890672595287
0.02,100.0,5.0,11.094674556213018,7.250977723267408,5,13,15.0,38,true,0.998527407488607,0.8116348837198167,0.03004602280635648,0.11206738396848324,0.13745528631371393
0.02,100.0,10.0,18.494897959183675,5.082634091798796,1,14,29.0,25,true,0.9995409557475894,0.7983094537314187,0.06708289932113036,0.19861190684990088,0.2505400741505807
0.02,100.0,10.0,21.449704142011836,5.508480243977969,2,13,29.0,23,true,0.9991003126667533,0.7283933998396718,0.230745452634274,0.3314006710290656,0.4580001726233041
0.02,100.0,10.0,21.449704142011836,7.584723459859931,3,13,29.0,37,true,0.9992761780904473,0.7712588306492719,0.11207170673479844,0.2637181510384219,0.325399462707622
0.02,100.0,10.0,21.449704142011836,4.78111129202117,4,13,29.0,23,true,0.9979204430079376,0.7776318081495226,0.1050654320771968,0.2557513575798163,0.32323579800404306
0.02,100.0,10.0,18.494897959183675,6.23982785049649,5,14,29.0,26,true,0.9994024762222284,0.7877947707257997,0.0844724117303375,0.22245075481623725,0.2850726499947451
0.02,100.0,20.0,36.98979591836735,6.6744746202787075,1,14,58.0,23,true,0.9995739445656359,0.7936764158738352,0.08130176594298365,0.22860345632934678,0.28092354850356865
0.02,100.0,20.0,42.89940828402367,9.59055795863561,2,13,58.0,27,true,0.9990685394233332,0.7556665562841635,0.16080247235698497,0.29555382528506624,0.39796793107746087
0.02,100.0,20.0,42.89940828402367,6.935351094394082,3,13,58.0,26,true,0.9992521635655877,0.7844545727753313,0.09328800105361848,0.23350205473182395,0.30432313379500353
0.02,100.0,20.0,42.89940828402367,6.375985615117264,4,13,58.0,28,true,0.9993778527718136,0.7805326140797155,0.11914904072311351,0.27613351806773334,0.3516364365466504
0.02,100.0,20.0,42.89940828402367,5.922655893477332,5,13,58.0,27,true,0.9991501562996125,0.7950232469646309,0.06987396798181016,0.202354932623782,0.25463002759097747
0.02,100.0,40.0,73.9795918367347,7.1204274603999105,1,14,116.0,25,true,0.9996252183323182,0.780802169880712,0.10172168605388508,0.25011336797210254,0.3156196469648124
0.02,100.0,40.0,85.79881656804734,9.202637089625918,2,13,116.0,27,true,0.9992556818367664,0.7577130180570728,0.15892773205178265,0.30538752953994197,0.3955389137771976
0.02,100.0,40.0,73.9795918367347,7.599640481070376,3,14,116.0,22,true,0.9996072780945507,0.7834239157240307,0.10596820213306282,0.2591059034827582,0.3267763817806458
0.02,100.0,40.0,73.9795918367347,8.168751045339851,4,14,116.0,29,true,0.9995049701387348,0.7961419532935946,0.08094208792943856,0.224158625180586,0.28553884684245234
0.02,100.0,40.0,73.9795918367347,6.772609810180211,5,14,116.0,22,true,0.9994812570607214,0.7701441421676826,0.11349307232100986,0.25774363191120614,0.32995264800529067
0.7,10.0,5.0,9.566326530612244,103.77300216979573,1,14,15.0,153,true,0.9491614340756387,0.6715783416146,0.0009163148158290317,0.0024591307282345364,0.002780717824096375
0.7,10.0,5.0,9.566326530612244,162.99448013382315,2,14,15.0,200,false,0.9876130251261257,0.6848085338328077,0.0035413025745977766,0.007852707456046923,0.011149758803440848
0.7,10.0,5.0,11.094674556213018,150.65411000316794,3,13,15.0,200,false,0.9525632316605471,0.6022536279227142,0.002184050692952027,0.004885915969940779,0.005461155892602637
0.7,10.0,5.0,11.094674556213018,107.34662217542687,4,13,15.0,200,false,0.8997818421507243,0.5513646417734546,0.002941069123290176,0.005594534088037398,0.006492517090237723
0.7,10.0,5.0,11.094674556213018,115.06256088009138,5,13,15.0,200,false,0.8133268063593253,-0.02042607743887359,0.001628208106884853,0.002184839385428068,0.0015928135905458958
0.7,10.0,10.0,18.494897959183675,214.9607285023586,1,14,29.0,200,false,0.9590595013071095,0.6765910208997045,0.0010760258427118638,0.0028277764393417016,0.0033135413318799924
0.7,10.0,10.0,21.449704142011836,224.50693594152236,2,13,29.0,200,false,0.9623849172483749,0.5794684253723359,0.0035729385388284045,0.0070516948344975195,0.008394614688503678
0.7,10.0,10.0,21.449704142011836,221.3466830315557,3,13,29.0,200,false,0.9336599129333112,0.46530927965867375,0.0026197867589573425,0.005166926655359114,0.004878520831940743
0.7,10.0,10.0,18.494897959183675,220.66901222899443,4,14,29.0,175,true,0.9270907173971983,0.6402813269465641,0.0017000997004259942,0.0038523596999638257,0.0047228573517177404
0.7,10.0,10.0,18.494897959183675,198.44976535413647,5,14,29.0,195,true,0.9636928827815653,0.6883539517150536,0.0012407536140375925,0.0032364167556735574,0.003963787514486238
0.7,10.0,20.0,36.98979591836735,367.4810137972768,1,14,58.0,200,false,0.9640261739763051,0.6884757121924577,0.001227675091632674,0.0034255939925864473,0.0039232975282202645
0.7,10.0,20.0,36.98979591836735,480.9697761798361,2,14,58.0,200,false,0.9704946921895793,0.6878288001427335,0.0020546796617423066,0.005162173329482996,0.006527074426891144
0.7,10.0,20.0,36.98979591836735,585.3771584112242,3,14,58.0,200,false,0.9711567257696839,0.6913973480857337,0.0013359475817117847,0.0037814518691470303,0.0043096711684062206
0.7,10.0,20.0,36.98979591836735,414.07924433780494,4,14,58.0,200,false,0.9695149646797453,0.7060971981350646,0.0015957753445365673,0.004513711705305939,0.005398659402163894
0.7,10.0,20.0,36.98979591836735,324.6844883402924,5,14,58.0,200,false,0.9565267476760841,0.6745183003876796,0.0011095514982310851,0.0030127482890368,0.003395363778451332
0.7,10.0,40.0,73.9795918367347,867.469295869236,1,14,116.0,200,false,0.9560919850661558,0.6700867199090801,0.0015310724878784148,0.004036485173648953,0.0046198952393359275
0.7,10.0,40.0,85.79881656804734,1112.0565984972673,2,13,116.0,200,false,0.9626089808791555,0.5327906344948932,0.0030645691412527656,0.006322314679589014,0.006518234230913641
0.7,10.0,40.0,73.9795918367347,828.752828077876,3,14,116.0,200,false,0.9590256202981255,0.68211756456989,0.0015554841122816373,0.004214235541225298,0.004866185050188314
0.7,10.0,40.0,73.9795918367347,850.3930757796595,4,14,116.0,200,false,0.9538304684514544,0.6650170819574102,0.001330482623700916,0.0034643074483639478,0.003957602269307659
0.7,10.0,40.0,73.9795918367347,652.1175083566877,5,14,116.0,200,false,0.9615017793306533,0.667074446741702,0.0016439396613843564,0.0042436067861017215,0.00491563237368225
0.7,30.0,5.0,9.566326530612244,103.77300216979573,1,14,15.0,194,true,0.9947926790217274,0.7886804686860607,0.005306339920822226,0.019846245667005387,0.02447417178238276
0.7,30.0,5.0,9.566326530612244,162.99448013382315,2,14,15.0,200,false,0.9965199012464327,0.7095868586064501,0.029366173394162528,0.06524935745039454,0.0927815771447729
0.7,30.0,5.0,11.094674556213018,150.65411000316794,3,13,15.0,200,false,0.9951314503677415,0.7677036210826779,0.011479988069418018,0.036757226172714035,0.04714159514524016
0.7,30.0,5.0,11.094674556213018,107.34662217542687,4,13,15.0,200,false,0.9659924157467964,0.7113605251713279,0.017029816496928515,0.041439609835779934,0.05529973646925901
0.7,30.0,5.0,11.094674556213018,115.06256088009138,5,13,15.0,169,true,0.9835628471639097,0.7543374895575519,0.0035278471406532176,0.011951021500674168,0.014161675733971629
0.7,30.0,10.0,18.494897959183675,214.9607285023586,1,14,29.0,200,false,0.9955417434789489,0.7871719022753811,0.0063729733311544004,0.023202417258791797,0.029032633003713355
0.7,30.0,10.0,21.449704142011836,224.50693594152236,2,13,29.0,200,false,0.9905748509647625,0.7077555917986118,0.022346816140259844,0.051512443164826636,0.07034483915923039
0.7,30.0,10.0,18.494897959183675,221.3466830315557,3,14,29.0,200,false,0.9905480757783373,0.7579877651284386,0.010671933921271439,0.032691467652533765,0.042307692040224124
0.7,30.0,10.0,18.494897959183675,220.66901222899443,4,14,29.0,200,false,0.9653035534288532,0.7262593983719479,0.011643757044489556,0.030822058611854403,0.04130388642105956
0.7,30.0,10.0,18.494897959183675,198.44976535413647,5,14,29.0,200,false,0.9957413702461817,0.778500026781701,0.007936702692463054,0.027276990931574853,0.03456002753948755
0.7,30.0,20.0,36.98979591836735,367.4810137972768,1,14,58.0,200,false,0.995881608550358,0.7841633530806896,0.007655247346340081,0.027434472202816623,0.03420949432170962
0.7,30.0,20.0,36.98979591836735,480.9697761798361,2,14,58.0,200,false,0.9919089678193989,0.7439280225168331,0.015168961643022618,0.041857897996180074,0.055649808367527545
0.7,30.0,20.0,36.98979591836735,585.3771584112242,3,14,58.0,200,false,0.9972660181046186,0.7781227545566254,0.008644602724034944,0.029889165428451756,0.03750162053764437
0.7,30.0,20.0,36.98979591836735,414.07924433780494,4,14,58.0,200,false,0.996763309647143,0.7751035677358542,0.010989883780068937,0.03671847107511561,0.04655963538966806
0.7,30.0,20.0,36.98979591836735,324.6844883402924,5,14,58.0,200,false,0.9956195593319178,0.7863554585957193,0.006554735923946705,0.023974556475320576,0.029721144811447463
0.7,30.0,40.0,73.9795918367347,867.469295869236,1,14,116.0,200,false,0.9951036111837341,0.7706666149764718,0.009578681786871913,0.031668927228350977,0.04010962676090488
0.7,30.0,40.0,85.79881656804734,1112.0565984972673,2,13,116.0,200,false,0.9958320025851134,0.7381550593255954,0.015457689545773123,0.04342463355821961,0.055785513335667114
0.7,30.0,40.0,73.9795918367347,828.752828077876,3,14,116.0,200,false,0.9938272160299115,0.7718460211592264,0.010047768128000952,0.03306358856469119,0.042108120940050266
0.7,30.0,40.0,73.9795918367347,850.3930757796595,4,14,116.0,200,false,0.995413368378052,0.7844156171323102,0.0077063078117692975,0.027462866720317218,0.03457355443957603
0.7,30.0,40.0,73.9795918367347,652.1175083566877,5,14,116.0,200,false,0.9951635631328238,0.7599515529784086,0.010667929901003929,0.033229258018276746,0.042609374229968466
0.7,100.0,5.0,11.094674556213018,103.77300216979573,1,13,15.0,200,false,0.9987837748927223,0.7972328190666891,0.05657317881120074,0.17474384326424422,0.21779947137673233
0.7,100.0,5.0,11.094674556213018,162.99448013382315,2,13,15.0,200,false,0.9974038849515364,0.7120184879612819,0.3235587823555786,0.38063729927115647,0.5387903898565701
0.7,100.0,5.0,11.094674556213018,150.65411000316794,3,13,15.0,200,false,0.9994445203516995,0.7834519230569621,0.11890792995415703,0.27714985303416034,0.3555884986767516
0.7,100.0,5.0,11.094674556213018,107.34662217542687,4,13,15.0,200,false,0.977823223579299,0.733306023108568,0.17483361630333302,0.28466266308557336,0.3901826181038788
0.7,100.0,5.0,11.094674556213018,115.06256088009138,5,13,15.0,200,false,0.9985275936064457,0.8128874333137008,0.029855979253618787,0.11237564757647751,0.1378432800203476
0.7,100.0,10.0,18.494897959183675,214.9607285023586,1,14,29.0,200,false,0.9994945373599307,0.798423767648156,0.06706716550990023,0.19859616583703127,0.2489356352503535
0.7,100.0,10.0,21.449704142011836,224.50693594152236,2,13,29.0,200,false,0.9941822449663296,0.7214834536355204,0.23663443181123295,0.32562399788366403,0.4508541216378942
0.7,100.0,10.0,21.449704142011836,221.3466830315557,3,13,29.0,200,false,0.9933871084253987,0.7631686098224711,0.1160386212980244,0.25338653726817695,0.3302050156213435
0.7,100.0,10.0,18.494897959183675,220.66901222899443,4,14,29.0,200,false,0.9693606834370232,0.7348054739004634,0.12533603845176244,0.24425901475713344,0.3306217150920287
0.7,100.0,10.0,18.494897959183675,198.44976535413647,5,14,29.0,200,false,0.9993215582746402,0.7883865530441139,0.0842494716472095,0.22384498567906536,0.28418761710745516
0.7,100.0,20.0,36.98979591836735,367.4810137972768,1,14,58.0,200,false,0.9992724401311937,0.7934564256885437,0.08139602960126172,0.22409241964169077,0.28186865532123884
0.7,100.0,20.0,36.98979591836735,480.9697761798361,2,14,58.0,200,false,0.9943456559214566,0.7494906550769036,0.16488274905732614,0.2944681905065054,0.39286969878395267
0.7,100.0,20.0,42.89940828402367,585.3771584112242,3,13,58.0,200,false,0.9992332801028496,0.7845359436164052,0.09327485790738888,0.23890034600748883,0.3022733335833413
0.7,100.0,20.0,36.98979591836735,414.07924433780494,4,14,58.0,200,false,0.999662165659949,0.7820497131654736,0.1183383390217025,0.2752428563176239,0.3514406374179376
0.7,100.0,20.0,36.98979591836735,324.6844883402924,5,14,58.0,200,false,0.9995758420128122,0.797151143420296,0.06915020199309278,0.20230082641457084,0.2532614782190967
0.7,100.0,40.0,73.9795918367347,867.469295869236,1,14,116.0,200,false,0.9993979690999512,0.7805998469689868,0.10181995039712992,0.24799909068472187,0.3173195679629629
0.7,100.0,40.0,85.79881656804734,1112.0565984972673,2,13,116.0,200,false,0.999236360772996,0.7576163910381342,0.15898682329857683,0.30188466484509924,0.39676289617083055
0.7,100.0,40.0,73.9795918367347,828.752828077876,3,14,116.0,200,false,0.9975754106782064,0.780480243862475,0.10741691107967394,0.2544863631188268,0.32726747541270296
0.7,100.0,40.0,73.9795918367347,850.3930757796595,4,14,116.0,200,false,0.9995858469599815,0.7963144652721329,0.08089966683620957,0.2267844933169444,0.2856802413167784
0.7,100.0,40.0,73.9795918367347,652.1175083566877,5,14,116.0,200,false,0.9987181431462274,0.7690448294675709,0.11404242213437853,0.2555754697510332,0.3316959964619863
