scenario,blink_amplitude_uv,detector_threshold_uv,method,blinks_per_minute,seed,true_events,detected_events,true_positives,false_positives,false_negatives,precision,recall,f1,peak_mae_seconds,touched_fraction,error_before,error_after,gain,brain_lost,removed_variance
default-100,100,150,MAS,0,1,0,0,0,0,0,1.000000,1.000000,1.000000,,0.000000,0.000000,0.000000,0.000000,0.000000,0.000000
default-100,100,150,MAS,0,2,0,0,0,0,0,1.000000,1.000000,1.000000,,0.000000,0.000000,0.000000,0.000000,0.000000,0.000000
default-100,100,150,MAS,3,1,3,0,0,0,3,0.000000,0.000000,0.000000,,0.000000,0.069723,0.069723,1.000000,0.000000,0.000000
default-100,100,150,MAS,3,2,7,0,0,0,7,0.000000,0.000000,0.000000,,0.000000,0.240861,0.240861,1.000000,0.000000,0.000000
default-100,100,150,MAS,10,1,8,0,0,0,8,0.000000,0.000000,0.000000,,0.000000,0.225230,0.225230,1.000000,0.000000,0.000000
default-100,100,150,MAS,10,2,17,0,0,0,17,0.000000,0.000000,0.000000,,0.000000,0.466142,0.466142,1.000000,0.000000,0.000000
default-100,100,150,MAS,20,1,17,0,0,0,17,0.000000,0.000000,0.000000,,0.000000,0.487991,0.487991,1.000000,0.000000,0.000000
default-100,100,150,MAS,20,2,27,1,1,0,26,1.000000,0.037037,0.071429,0.028593,0.000000,0.771596,0.771596,1.000000,0.000000,0.000000
default-100,100,150,MAS,50,1,41,1,1,0,40,1.000000,0.024390,0.047619,0.033962,0.000000,1.191468,1.191468,1.000000,0.000000,0.000000
default-100,100,150,MAS,50,2,48,1,1,0,47,1.000000,0.020833,0.040816,0.000890,0.000000,1.410395,1.410395,1.000000,0.000000,0.000000
default-100,100,150,MAS,100,1,54,2,2,0,52,1.000000,0.037037,0.071429,0.038000,0.026400,1.570528,1.612075,0.974228,0.155996,0.121202
default-100,100,150,MAS,100,2,56,0,0,0,56,0.000000,0.000000,0.000000,,0.000000,1.572355,1.572355,1.000000,0.000000,0.000000
default-100,100,150,OBS,0,1,0,0,0,0,0,1.000000,1.000000,1.000000,,0.000000,0.000000,0.000000,0.000000,0.000000,0.000000
default-100,100,150,OBS,0,2,0,0,0,0,0,1.000000,1.000000,1.000000,,0.000000,0.000000,0.000000,0.000000,0.000000,0.000000
default-100,100,150,OBS,3,1,3,0,0,0,3,0.000000,0.000000,0.000000,,0.000000,0.069723,0.069723,1.000000,0.000000,0.000000
default-100,100,150,OBS,3,2,7,0,0,0,7,0.000000,0.000000,0.000000,,0.000000,0.240861,0.240861,1.000000,0.000000,0.000000
default-100,100,150,OBS,10,1,8,0,0,0,8,0.000000,0.000000,0.000000,,0.000000,0.225230,0.225230,1.000000,0.000000,0.000000
default-100,100,150,OBS,10,2,17,0,0,0,17,0.000000,0.000000,0.000000,,0.000000,0.466142,0.466142,1.000000,0.000000,0.000000
default-100,100,150,OBS,20,1,17,0,0,0,17,0.000000,0.000000,0.000000,,0.000000,0.487991,0.487991,1.000000,0.000000,0.000000
default-100,100,150,OBS,20,2,27,1,1,0,26,1.000000,0.037037,0.071429,0.028593,0.016533,0.771596,0.821764,0.938951,0.097815,0.058467
default-100,100,150,OBS,50,1,41,1,1,0,40,1.000000,0.024390,0.047619,0.033962,0.016533,1.191468,1.151357,1.034838,0.037959,0.044656
default-100,100,150,OBS,50,2,48,1,1,0,47,1.000000,0.020833,0.040816,0.000890,0.016533,1.410395,1.354544,1.041232,0.013055,0.043751
default-100,100,150,OBS,100,1,54,2,2,0,52,1.000000,0.037037,0.071429,0.038000,0.033067,1.570528,1.516847,1.035390,0.060783,0.094107
default-100,100,150,OBS,100,2,56,0,0,0,56,0.000000,0.000000,0.000000,,0.000000,1.572355,1.572355,1.000000,0.000000,0.000000
default-100,100,150,SSP/PCA,0,1,0,0,0,0,0,1.000000,1.000000,1.000000,,0.000000,0.000000,0.000000,0.000000,0.000000,0.000000
default-100,100,150,SSP/PCA,0,2,0,0,0,0,0,1.000000,1.000000,1.000000,,0.000000,0.000000,0.000000,0.000000,0.000000,0.000000
default-100,100,150,SSP/PCA,3,1,3,0,0,0,3,0.000000,0.000000,0.000000,,0.000000,0.069723,0.069723,1.000000,0.000000,0.000000
default-100,100,150,SSP/PCA,3,2,7,0,0,0,7,0.000000,0.000000,0.000000,,0.000000,0.240861,0.240861,1.000000,0.000000,0.000000
default-100,100,150,SSP/PCA,10,1,8,0,0,0,8,0.000000,0.000000,0.000000,,0.000000,0.225230,0.225230,1.000000,0.000000,0.000000
default-100,100,150,SSP/PCA,10,2,17,0,0,0,17,0.000000,0.000000,0.000000,,0.000000,0.466142,0.466142,1.000000,0.000000,0.000000
default-100,100,150,SSP/PCA,20,1,17,0,0,0,17,0.000000,0.000000,0.000000,,0.000000,0.487991,0.487991,1.000000,0.000000,0.000000
default-100,100,150,SSP/PCA,20,2,27,1,1,0,26,1.000000,0.037037,0.071429,0.028593,0.016533,0.771596,0.827180,0.932804,0.103231,0.053278
default-100,100,150,SSP/PCA,50,1,41,1,1,0,40,1.000000,0.024390,0.047619,0.033962,0.016533,1.191468,1.156050,1.030637,0.042652,0.035536
default-100,100,150,SSP/PCA,50,2,48,1,1,0,47,1.000000,0.020833,0.040816,0.000890,0.016533,1.410395,1.362316,1.035292,0.020827,0.037818
default-100,100,150,SSP/PCA,100,1,54,2,2,0,52,1.000000,0.037037,0.071429,0.038000,0.033067,1.570528,1.529097,1.027095,0.073034,0.083844
default-100,100,150,SSP/PCA,100,2,56,0,0,0,56,0.000000,0.000000,0.000000,,0.000000,1.572355,1.572355,1.000000,0.000000,0.000000
default-100,100,150,Wavelet,0,1,0,0,0,0,0,1.000000,1.000000,1.000000,,0.000000,0.000000,0.000000,0.000000,0.000000,0.000000
default-100,100,150,Wavelet,0,2,0,0,0,0,0,1.000000,1.000000,1.000000,,0.000000,0.000000,0.000000,0.000000,0.000000,0.000000
default-100,100,150,Wavelet,3,1,3,0,0,0,3,0.000000,0.000000,0.000000,,0.000000,0.069723,0.069723,1.000000,0.000000,0.000000
default-100,100,150,Wavelet,3,2,7,0,0,0,7,0.000000,0.000000,0.000000,,0.000000,0.240861,0.240861,1.000000,0.000000,0.000000
default-100,100,150,Wavelet,10,1,8,0,0,0,8,0.000000,0.000000,0.000000,,0.000000,0.225230,0.225230,1.000000,0.000000,0.000000
default-100,100,150,Wavelet,10,2,17,0,0,0,17,0.000000,0.000000,0.000000,,0.000000,0.466142,0.466142,1.000000,0.000000,0.000000
default-100,100,150,Wavelet,20,1,17,0,0,0,17,0.000000,0.000000,0.000000,,0.000000,0.487991,0.487991,1.000000,0.000000,0.000000
default-100,100,150,Wavelet,20,2,27,1,1,0,26,1.000000,0.037037,0.071429,0.028593,0.013200,0.771596,0.730167,1.056740,0.006215,0.030919
default-100,100,150,Wavelet,50,1,41,1,1,0,40,1.000000,0.024390,0.047619,0.033962,0.013200,1.191468,1.124567,1.059490,0.011165,0.032585
default-100,100,150,Wavelet,50,2,48,1,1,0,47,1.000000,0.020833,0.040816,0.000890,0.013200,1.410395,1.351717,1.043410,0.010218,0.045316
default-100,100,150,Wavelet,100,1,54,2,2,0,52,1.000000,0.037037,0.071429,0.038000,0.026400,1.570528,1.478825,1.062011,0.022746,0.060044
default-100,100,150,Wavelet,100,2,56,0,0,0,56,0.000000,0.000000,0.000000,,0.000000,1.572355,1.572355,1.000000,0.000000,0.000000
default-200,200,150,MAS,0,1,0,0,0,0,0,1.000000,1.000000,1.000000,,0.000000,0.000000,0.000000,0.000000,0.000000,0.000000
default-200,200,150,MAS,0,2,0,0,0,0,0,1.000000,1.000000,1.000000,,0.000000,0.000000,0.000000,0.000000,0.000000,0.000000
default-200,200,150,MAS,3,1,3,3,3,0,0,1.000000,1.000000,1.000000,0.019582,0.039600,0.278892,0.083251,3.350004,0.083186,0.285223
default-200,200,150,MAS,3,2,7,7,7,0,0,1.000000,1.000000,1.000000,0.014275,0.092400,0.963445,0.149399,6.448804,0.149262,0.494186
default-200,200,150,MAS,10,1,8,8,8,0,0,1.000000,1.000000,1.000000,0.022586,0.105600,0.900918,0.125416,7.183449,0.125313,0.423237
default-200,200,150,MAS,10,2,17,12,12,0,5,1.000000,0.705882,0.827586,0.021817,0.158400,1.864569,0.440389,4.233911,0.220756,0.538015
default-200,200,150,MAS,20,1,17,15,15,0,2,1.000000,0.882353,0.937500,0.015323,0.198000,1.951963,0.260645,7.488972,0.141670,0.685223
default-200,200,150,MAS,20,2,27,20,20,0,7,1.000000,0.740741,0.851064,0.016587,0.264000,3.086386,0.590791,5.224157,0.279653,0.800422
default-200,200,150,MAS,50,1,41,34,34,0,7,1.000000,0.829268,0.906667,0.014917,0.435600,4.765870,0.775420,6.146183,0.341589,0.874659
default-200,200,150,MAS,50,2,48,39,39,0,9,1.000000,0.812500,0.896552,0.016247,0.514800,5.641580,0.932139,6.052293,0.506867,0.886646
default-200,200,150,MAS,100,1,54,43,43,0,11,1.000000,0.796296,0.886598,0.016769,0.567600,6.282113,1.111003,5.654450,0.529850,0.956636
default-200,200,150,MAS,100,2,56,44,44,0,12,1.000000,0.785714,0.880000,0.017576,0.580800,6.289419,1.163033,5.407772,0.610043,1.018551
default-200,200,150,OBS,0,1,0,0,0,0,0,1.000000,1.000000,1.000000,,0.000000,0.000000,0.000000,0.000000,0.000000,0.000000
default-200,200,150,OBS,0,2,0,0,0,0,0,1.000000,1.000000,1.000000,,0.000000,0.000000,0.000000,0.000000,0.000000,0.000000
default-200,200,150,OBS,3,1,3,3,3,0,0,1.000000,1.000000,1.000000,0.019582,0.049600,0.278892,0.070145,3.975906,0.070144,0.303305
default-200,200,150,OBS,3,2,7,7,7,0,0,1.000000,1.000000,1.000000,0.014275,0.115733,0.963445,0.098741,9.757241,0.098741,0.540716
default-200,200,150,OBS,10,1,8,8,8,0,0,1.000000,1.000000,1.000000,0.022586,0.132267,0.900918,0.112182,8.030895,0.112181,0.488553
default-200,200,150,OBS,10,2,17,12,12,0,5,1.000000,0.705882,0.827586,0.021817,0.198400,1.864569,0.356055,5.236745,0.136682,0.636122
default-200,200,150,OBS,20,1,17,15,15,0,2,1.000000,0.882353,0.937500,0.015323,0.247733,1.951963,0.244491,7.983791,0.125803,0.722442
default-200,200,150,OBS,20,2,27,20,20,0,7,1.000000,0.740741,0.851064,0.016587,0.313533,3.086386,0.655033,4.711800,0.220039,0.779881
default-200,200,150,OBS,50,1,41,34,34,0,7,1.000000,0.829268,0.906667,0.014917,0.543667,4.765870,0.713493,6.679627,0.280281,0.918419
default-200,200,150,OBS,50,2,48,39,39,0,9,1.000000,0.812500,0.896552,0.016247,0.626933,5.641580,0.784086,7.195107,0.254618,0.970096
default-200,200,150,OBS,100,1,54,43,43,0,11,1.000000,0.796296,0.886598,0.016769,0.707667,6.282113,0.910042,6.903100,0.329720,1.049371
default-200,200,150,OBS,100,2,56,44,44,0,12,1.000000,0.785714,0.880000,0.017576,0.723533,6.289419,0.819500,7.674702,0.267405,1.082912
default-200,200,150,SSP/PCA,0,1,0,0,0,0,0,1.000000,1.000000,1.000000,,0.000000,0.000000,0.000000,0.000000,0.000000,0.000000
default-200,200,150,SSP/PCA,0,2,0,0,0,0,0,1.000000,1.000000,1.000000,,0.000000,0.000000,0.000000,0.000000,0.000000,0.000000
default-200,200,150,SSP/PCA,3,1,3,3,3,0,0,1.000000,1.000000,1.000000,0.019582,0.049600,0.278892,0.104451,2.670076,0.104450,0.266045
default-200,200,150,SSP/PCA,3,2,7,7,7,0,0,1.000000,1.000000,1.000000,0.014275,0.115733,0.963445,0.300681,3.204212,0.300680,0.501147
default-200,200,150,SSP/PCA,10,1,8,8,8,0,0,1.000000,1.000000,1.000000,0.022586,0.132267,0.900918,0.288320,3.124722,0.288319,0.445553
default-200,200,150,SSP/PCA,10,2,17,12,12,0,5,1.000000,0.705882,0.827586,0.021817,0.198400,1.864569,0.716792,2.601271,0.497418,0.595532
default-200,200,150,SSP/PCA,20,1,17,15,15,0,2,1.000000,0.882353,0.937500,0.015323,0.247733,1.951963,0.624599,3.125144,0.505912,0.670169
default-200,200,150,SSP/PCA,20,2,27,20,20,0,7,1.000000,0.740741,0.851064,0.016587,0.313533,3.086386,1.313416,2.349893,0.878421,0.751095
default-200,200,150,SSP/PCA,50,1,41,34,34,0,7,1.000000,0.829268,0.906667,0.014917,0.543667,4.765870,1.826388,2.609451,1.393176,0.891066
default-200,200,150,SSP/PCA,50,2,48,39,39,0,9,1.000000,0.812500,0.896552,0.016247,0.626933,5.641580,2.073656,2.720596,1.544188,0.941734
default-200,200,150,SSP/PCA,100,1,54,43,43,0,11,1.000000,0.796296,0.886598,0.016769,0.707667,6.282113,2.374056,2.646152,1.793734,1.022039
default-200,200,150,SSP/PCA,100,2,56,44,44,0,12,1.000000,0.785714,0.880000,0.017576,0.723533,6.289419,2.302725,2.731294,1.750630,1.051550
default-200,200,150,Wavelet,0,1,0,0,0,0,0,1.000000,1.000000,1.000000,,0.000000,0.000000,0.000000,0.000000,0.000000,0.000000
default-200,200,150,Wavelet,0,2,0,0,0,0,0,1.000000,1.000000,1.000000,,0.000000,0.000000,0.000000,0.000000,0.000000,0.000000
default-200,200,150,Wavelet,3,1,3,3,3,0,0,1.000000,1.000000,1.000000,0.019582,0.039600,0.278892,0.022330,12.489457,0.022265,0.229433
default-200,200,150,Wavelet,3,2,7,7,7,0,0,1.000000,1.000000,1.000000,0.014275,0.092400,0.963445,0.049618,19.417299,0.049481,0.507389
default-200,200,150,Wavelet,10,1,8,8,8,0,0,1.000000,1.000000,1.000000,0.022586,0.105600,0.900918,0.055997,16.088622,0.055895,0.458044
default-200,200,150,Wavelet,10,2,17,12,12,0,5,1.000000,0.705882,0.827586,0.021817,0.158400,1.864569,0.333237,5.595328,0.113603,0.591639
default-200,200,150,Wavelet,20,1,17,15,15,0,2,1.000000,0.882353,0.937500,0.015323,0.198000,1.951963,0.229725,8.496943,0.110750,0.677077
default-200,200,150,Wavelet,20,2,27,20,20,0,7,1.000000,0.740741,0.851064,0.016587,0.264000,3.086386,0.513580,6.009552,0.202442,0.740890
default-200,200,150,Wavelet,50,1,41,34,34,0,7,1.000000,0.829268,0.906667,0.014917,0.435600,4.765870,0.688989,6.917194,0.255159,0.887602
default-200,200,150,Wavelet,50,2,48,39,39,0,9,1.000000,0.812500,0.896552,0.016247,0.514800,5.641580,0.767776,7.347952,0.342504,0.978668
default-200,200,150,Wavelet,100,1,54,43,43,0,11,1.000000,0.796296,0.886598,0.016769,0.567600,6.282113,1.033693,6.077350,0.452539,1.029539
default-200,200,150,Wavelet,100,2,56,44,44,0,12,1.000000,0.785714,0.880000,0.017576,0.580800,6.289419,0.935031,6.726432,0.382040,1.037424
sensitive-100,100,50,MAS,0,1,0,18,0,18,0,0.000000,1.000000,0.000000,,0.225333,0.000000,0.138867,0.000000,0.138867,0.138867
sensitive-100,100,50,MAS,0,2,0,17,0,17,0,0.000000,1.000000,0.000000,,0.204000,0.000000,0.107177,0.000000,0.107177,0.107177
sensitive-100,100,50,MAS,3,1,3,19,3,16,0,0.157895,1.000000,0.272727,0.022248,0.235400,0.069723,0.181424,0.384310,0.181408,0.111427
sensitive-100,100,50,MAS,3,2,7,22,7,15,0,0.318182,1.000000,0.482759,0.018275,0.277667,0.240861,0.297652,0.809203,0.297629,0.169395
sensitive-100,100,50,MAS,10,1,8,24,8,16,0,0.333333,1.000000,0.500000,0.023086,0.300533,0.225230,0.330652,0.681168,0.330641,0.152515
sensitive-100,100,50,MAS,10,2,17,30,17,13,0,0.566667,1.000000,0.723404,0.022219,0.374000,0.466142,0.350194,1.331099,0.350124,0.311610
sensitive-100,100,50,MAS,20,1,17,31,17,14,0,0.548387,1.000000,0.708333,0.018731,0.393533,0.487991,0.441711,1.104773,0.441631,0.330134
sensitive-100,100,50,MAS,20,2,27,36,26,10,1,0.722222,0.962963,0.825397,0.030436,0.462467,0.771596,0.473474,1.629649,0.470900,0.512301
sensitive-100,100,50,MAS,50,1,41,49,41,8,0,0.836735,1.000000,0.911111,0.024620,0.623733,1.191468,0.515676,2.310495,0.501534,0.603838
sensitive-100,100,50,MAS,50,2,48,51,48,3,0,0.941176,1.000000,0.969697,0.024665,0.658000,1.410395,0.448813,3.142499,0.448582,0.703944
sensitive-100,100,50,MAS,100,1,54,57,54,3,0,0.947368,1.000000,0.972973,0.025300,0.727800,1.570528,0.474536,3.309608,0.474275,0.779324
sensitive-100,100,50,MAS,100,2,56,57,56,1,0,0.982456,1.000000,0.991150,0.022592,0.742533,1.572355,0.484406,3.245943,0.484138,0.831659
sensitive-100,100,50,OBS,0,1,0,18,0,18,0,0.000000,1.000000,0.000000,,0.269933,0.000000,0.359159,0.000000,0.359159,0.359159
sensitive-100,100,50,OBS,0,2,0,17,0,17,0,0.000000,1.000000,0.000000,,0.244000,0.000000,0.354496,0.000000,0.354496,0.354496
sensitive-100,100,50,OBS,3,1,3,19,3,16,0,0.157895,1.000000,0.272727,0.022248,0.279000,0.069723,0.333438,0.209103,0.333437,0.372893
sensitive-100,100,50,OBS,3,2,7,22,7,15,0,0.318182,1.000000,0.482759,0.018275,0.333400,0.240861,0.353299,0.681748,0.353299,0.469145
sensitive-100,100,50,OBS,10,1,8,24,8,16,0,0.333333,1.000000,0.500000,0.023086,0.355133,0.225230,0.399616,0.563615,0.399616,0.453193
sensitive-100,100,50,OBS,10,2,17,30,17,13,0,0.566667,1.000000,0.723404,0.022219,0.455733,0.466142,0.377963,1.233301,0.377962,0.555463
sensitive-100,100,50,OBS,20,1,17,31,17,14,0,0.548387,1.000000,0.708333,0.018731,0.474533,0.487991,0.349800,1.395056,0.349799,0.589634
sensitive-100,100,50,OBS,20,2,27,36,26,10,1,0.722222,0.962963,0.825397,0.030436,0.539467,0.771596,0.423269,1.822944,0.392225,0.601335
sensitive-100,100,50,OBS,50,1,41,49,41,8,0,0.836735,1.000000,0.911111,0.024620,0.764067,1.191468,0.531702,2.240855,0.517726,0.712293
sensitive-100,100,50,OBS,50,2,48,51,48,3,0,0.941176,1.000000,0.969697,0.024665,0.792000,1.410395,0.437837,3.221282,0.411571,0.789371
sensitive-100,100,50,OBS,100,1,54,57,54,3,0,0.947368,1.000000,0.972973,0.025300,0.886867,1.570528,0.447665,3.508269,0.447660,0.885863
sensitive-100,100,50,OBS,100,2,56,57,56,1,0,0.982456,1.000000,0.991150,0.022592,0.915667,1.572355,0.393874,3.992023,0.393871,0.880074
sensitive-100,100,50,SSP/PCA,0,1,0,18,0,18,0,0.000000,1.000000,0.000000,,0.269933,0.000000,0.590243,0.000000,0.590243,0.590243
sensitive-100,100,50,SSP/PCA,0,2,0,17,0,17,0,0.000000,1.000000,0.000000,,0.244000,0.000000,0.524512,0.000000,0.524512,0.524512
sensitive-100,100,50,SSP/PCA,3,1,3,19,3,16,0,0.157895,1.000000,0.272727,0.022248,0.279000,0.069723,0.611041,0.114105,0.611041,0.615615
sensitive-100,100,50,SSP/PCA,3,2,7,22,7,15,0,0.318182,1.000000,0.482759,0.018275,0.333400,0.240861,0.665911,0.361702,0.665911,0.666835
sensitive-100,100,50,SSP/PCA,10,1,8,24,8,16,0,0.333333,1.000000,0.500000,0.023086,0.355133,0.225230,0.705208,0.319380,0.705208,0.669572
sensitive-100,100,50,SSP/PCA,10,2,17,30,17,13,0,0.566667,1.000000,0.723404,0.022219,0.455733,0.466142,0.796114,0.585522,0.796113,0.780803
sensitive-100,100,50,SSP/PCA,20,1,17,31,17,14,0,0.548387,1.000000,0.708333,0.018731,0.474533,0.487991,0.748506,0.651953,0.748505,0.791621
sensitive-100,100,50,SSP/PCA,20,2,27,36,26,10,1,0.722222,0.962963,0.825397,0.030436,0.539467,0.771596,1.045032,0.738347,1.013987,0.885162
sensitive-100,100,50,SSP/PCA,50,1,41,49,41,8,0,0.836735,1.000000,0.911111,0.024620,0.764067,1.191468,1.297912,0.917988,1.283936,0.974889
sensitive-100,100,50,SSP/PCA,50,2,48,51,48,3,0,0.941176,1.000000,0.969697,0.024665,0.792000,1.410395,1.339839,1.052660,1.313574,1.063118
sensitive-100,100,50,SSP/PCA,100,1,54,57,54,3,0,0.947368,1.000000,0.972973,0.025300,0.886867,1.570528,1.421623,1.104743,1.421619,1.171086
sensitive-100,100,50,SSP/PCA,100,2,56,57,56,1,0,0.982456,1.000000,0.991150,0.022592,0.915667,1.572355,1.406576,1.117860,1.406572,1.149989
sensitive-100,100,50,Wavelet,0,1,0,18,0,18,0,0.000000,1.000000,0.000000,,0.225333,0.000000,0.128505,0.000000,0.128505,0.128505
sensitive-100,100,50,Wavelet,0,2,0,17,0,17,0,0.000000,1.000000,0.000000,,0.204000,0.000000,0.153705,0.000000,0.153705,0.153705
sensitive-100,100,50,Wavelet,3,1,3,19,3,16,0,0.157895,1.000000,0.272727,0.022248,0.235400,0.069723,0.133397,0.522671,0.133381,0.195273
sensitive-100,100,50,Wavelet,3,2,7,22,7,15,0,0.318182,1.000000,0.482759,0.018275,0.277667,0.240861,0.193009,1.247926,0.192986,0.336700
sensitive-100,100,50,Wavelet,10,1,8,24,8,16,0,0.333333,1.000000,0.500000,0.023086,0.300533,0.225230,0.164244,1.371309,0.164233,0.281439
sensitive-100,100,50,Wavelet,10,2,17,30,17,13,0,0.566667,1.000000,0.723404,0.022219,0.374000,0.466142,0.238917,1.951064,0.238848,0.446106
sensitive-100,100,50,Wavelet,20,1,17,31,17,14,0,0.548387,1.000000,0.708333,0.018731,0.393533,0.487991,0.202170,2.413760,0.202090,0.456685
sensitive-100,100,50,Wavelet,20,2,27,36,26,10,1,0.722222,0.962963,0.825397,0.030436,0.462467,0.771596,0.301473,2.559417,0.298899,0.569750
sensitive-100,100,50,Wavelet,50,1,41,49,41,8,0,0.836735,1.000000,0.911111,0.024620,0.623733,1.191468,0.320182,3.721220,0.306040,0.687363
sensitive-100,100,50,Wavelet,50,2,48,51,48,3,0,0.941176,1.000000,0.969697,0.024665,0.658000,1.410395,0.366329,3.850078,0.366098,0.801919
sensitive-100,100,50,Wavelet,100,1,54,57,54,3,0,0.947368,1.000000,0.972973,0.025300,0.727800,1.570528,0.439543,3.573094,0.439281,0.827586
sensitive-100,100,50,Wavelet,100,2,56,57,56,1,0,0.982456,1.000000,0.991150,0.022592,0.742533,1.572355,0.387964,4.052832,0.387696,0.841472
