slice_grid,case,clean_truth50,clean_truth90,clean_r50,clean_beta50,artifact_truth50,artifact_truth90,artifact_r50,artifact_beta50,clean_seconds,artifact_seconds,corrected_fraction,obs_components_max,anc_channels,correlation_fallbacks
rounded_original,volume base,0.067490,0.075841,0.969252,0.963328,6.951677,14.520446,0.421153,0.973322,2.245,2.003,1.0000,0,0,0
rounded_original,volume up5,0.102210,0.107073,0.956577,0.966036,26.325359,55.411506,0.230139,0.980212,17.221,17.513,1.0000,0,0,0
rounded_original,volume unscaled,0.186377,0.196085,0.909771,0.917769,7.085488,14.804036,0.417906,0.973318,2.230,2.009,1.0000,0,0,0
rounded_original,volume least-squares,0.104187,0.115963,0.954651,0.944641,7.105077,14.841751,0.417357,0.973083,2.244,2.029,1.0000,0,0,0
rounded_original,volume no-alignment,0.083840,0.099540,0.960287,0.994112,785.955729,1659.100217,0.043157,0.979024,0.059,0.060,1.0000,0,0,0
rounded_original,volume integer-only,0.066570,0.076467,0.969927,0.963890,690.716606,1457.981316,0.046288,0.974434,0.902,0.675,1.0000,0,0,0
rounded_original,volume OBS,0.524139,0.577649,0.700621,0.474152,6.951677,14.520446,0.421153,0.973168,3.078,2.205,1.0000,0,0,0
rounded_original,volume ANC,0.251546,0.278996,0.887629,0.866364,4.453655,9.243873,0.502438,0.978682,2.501,2.285,1.0000,0,8,0
rounded_original,slice temporal base,0.078044,0.141011,0.977215,1.122647,35.645541,75.129860,0.237273,1.153175,7.995,8.217,1.0000,0,0,0
rounded_original,slice temporal up1,0.070045,0.148545,0.981258,1.132416,99.470854,210.001236,0.145685,1.158370,1.587,1.644,1.0000,0,0,0
rounded_original,slice temporal unscaled,0.066798,0.128699,0.981488,1.128007,34.717100,73.240695,0.240614,1.154014,7.776,8.206,1.0000,0,0,0
rounded_original,slice temporal least-squares,0.080101,0.168435,0.975268,1.118590,35.228910,74.298954,0.236400,1.131161,7.772,8.175,1.0000,0,0,0
rounded_original,slice temporal no-alignment,0.054492,0.150040,0.987587,1.147974,666.465798,1406.964542,0.056958,1.149085,0.350,0.391,1.0000,0,0,0
rounded_original,slice temporal integer-only,0.074890,0.140208,0.978164,1.125352,45.768054,96.696019,0.211788,1.151991,2.077,2.047,1.0000,0,0,0
rounded_original,slice temporal OBS,0.295823,0.564233,0.854825,0.786252,0.602579,1.209027,0.866722,1.109893,11.810,12.428,1.0000,3,0,0
rounded_original,slice temporal ANC,0.323498,0.392590,0.832130,0.740182,7.727213,16.265564,0.467061,1.159401,8.047,8.577,1.0000,0,8,0
rounded_original,slice correlation default,0.195493,0.254345,0.919056,0.980373,4.148322,8.603970,0.505653,0.975963,8.340,8.921,1.0000,0,0,1
rounded_original,slice correlation permissive,0.547441,0.559041,0.694512,0.522296,4.113148,8.528453,0.507037,0.975057,8.741,8.959,1.0000,0,0,0
rounded_original,slice correlation unscaled,0.407283,0.424336,0.774488,0.586398,6.199418,12.942077,0.433770,0.974771,8.449,8.852,1.0000,0,0,0
rounded_original,slice correlation OBS,0.712454,0.718849,0.564914,0.344826,4.113148,8.528453,0.507037,0.975057,12.510,10.700,1.0000,0,0,0
rounded_original,slice correlation ANC,0.736935,0.764556,0.576210,0.417009,1.695278,3.419000,0.672049,0.980415,8.839,9.176,1.0000,0,8,0
upsampled_hypothesis,slice temporal base,0.078532,0.145894,0.976691,1.120708,43.217894,91.168684,0.216446,1.152237,7.618,8.236,1.0000,0,0,0
upsampled_hypothesis,slice correlation default,0.206718,0.245236,0.914885,0.975808,4.922139,10.253743,0.475335,0.977815,8.204,8.777,1.0000,0,0,1
upsampled_hypothesis,slice correlation permissive,0.552240,0.562603,0.697020,0.525564,4.900678,10.207969,0.475939,0.976734,8.296,8.806,1.0000,0,0,0
