rate,tr,anatomical_slices,multiband,groups,factor,mode,gate_gain,gate_enabled,residual,integer_p90,fractional_p90
500,0.50,40,1,40,5,none,0.04613258,1,0.00021627,0.000,0.0000
500,0.50,40,1,40,5,integer-r1,0.04613258,1,0.00007001,0.000,0.0000
500,0.50,40,1,40,5,fractional-r1,0.04613258,1,0.00009685,1.000,0.3320
500,0.50,40,1,40,5,gated-fractional-r1,0.04613258,1,0.00009685,1.000,0.3320
500,0.50,40,4,10,5,none,0.01303130,1,0.00016910,0.000,0.0000
500,0.50,40,4,10,5,integer-r1,0.01303130,1,0.00016910,0.000,0.0000
500,0.50,40,4,10,5,fractional-r1,0.01303130,1,0.00027425,0.000,0.3939
500,0.50,40,4,10,5,gated-fractional-r1,0.01303130,1,0.00027425,0.000,0.3939
500,0.50,40,8,5,5,none,0.00820573,1,0.00035102,0.000,0.0000
500,0.50,40,8,5,5,integer-r1,0.00820573,1,0.00035102,0.000,0.0000
500,0.50,40,8,5,5,fractional-r1,0.00820573,1,0.00046377,0.000,0.3197
500,0.50,40,8,5,5,gated-fractional-r1,0.00820573,1,0.00046377,0.000,0.3197
500,2.00,40,1,40,5,none,0.01303130,1,0.00016111,0.000,0.0000
500,2.00,40,1,40,5,integer-r1,0.01303130,1,0.00016111,0.000,0.0000
500,2.00,40,1,40,5,fractional-r1,0.01303130,1,0.00026547,0.000,0.3939
500,2.00,40,1,40,5,gated-fractional-r1,0.01303130,1,0.00026547,0.000,0.3939
500,2.00,40,4,10,5,none,0.00775649,1,0.00070738,0.000,0.0000
500,2.00,40,4,10,5,integer-r1,0.00775649,1,0.00070738,0.000,0.0000
500,2.00,40,4,10,5,fractional-r1,0.00775649,1,0.00082821,0.000,0.3108
500,2.00,40,4,10,5,gated-fractional-r1,0.00775649,1,0.00082821,0.000,0.3108
500,2.00,40,8,5,5,none,0.00767039,1,0.00126788,0.000,0.0000
500,2.00,40,8,5,5,integer-r1,0.00767039,1,0.00126788,0.000,0.0000
500,2.00,40,8,5,5,fractional-r1,0.00767039,1,0.00162542,0.000,0.3093
500,2.00,40,8,5,5,gated-fractional-r1,0.00767039,1,0.00162542,0.000,0.3093
500,3.00,40,1,40,5,none,0.00932888,1,0.00164172,0.000,0.0000
500,3.00,40,1,40,5,integer-r1,0.00932888,1,0.00053802,0.000,0.0000
500,3.00,40,1,40,5,fractional-r1,0.00932888,1,0.00056209,1.000,0.2807
500,3.00,40,1,40,5,gated-fractional-r1,0.00932888,1,0.00056209,1.000,0.2807
500,3.00,40,4,10,5,none,0.00770410,1,0.00095717,0.000,0.0000
500,3.00,40,4,10,5,integer-r1,0.00770410,1,0.00095717,0.000,0.0000
500,3.00,40,4,10,5,fractional-r1,0.00770410,1,0.00123231,0.000,0.3099
500,3.00,40,4,10,5,gated-fractional-r1,0.00770410,1,0.00123231,0.000,0.3099
500,3.00,40,8,5,5,none,0.00762215,1,0.00207729,0.000,0.0000
500,3.00,40,8,5,5,integer-r1,0.00762215,1,0.00207729,0.000,0.0000
500,3.00,40,8,5,5,fractional-r1,0.00762215,1,0.00255100,0.000,0.3085
500,3.00,40,8,5,5,gated-fractional-r1,0.00762215,1,0.00255100,0.000,0.3085
1000,0.50,40,1,40,2,none,0.03667944,1,0.00001560,0.000,0.0000
1000,0.50,40,1,40,2,integer-r1,0.03667944,1,0.00001560,0.000,0.0000
1000,0.50,40,1,40,2,fractional-r1,0.03667944,1,0.00011306,0.000,0.3616
1000,0.50,40,1,40,2,gated-fractional-r1,0.03667944,1,0.00011306,0.000,0.3616
1000,0.50,40,4,10,2,none,0.04226744,1,0.00004860,0.000,0.0000
1000,0.50,40,4,10,2,integer-r1,0.04226744,1,0.00004860,0.000,0.0000
1000,0.50,40,4,10,2,fractional-r1,0.04226744,1,0.00021813,0.000,0.3331
1000,0.50,40,4,10,2,gated-fractional-r1,0.04226744,1,0.00021813,0.000,0.3331
1000,0.50,40,8,5,2,none,0.03096648,1,0.00008014,0.000,0.0000
1000,0.50,40,8,5,2,integer-r1,0.03096648,1,0.00008014,0.000,0.0000
1000,0.50,40,8,5,2,fractional-r1,0.03096648,1,0.00016723,0.000,0.2898
1000,0.50,40,8,5,2,gated-fractional-r1,0.03096648,1,0.00016723,0.000,0.2898
1000,2.00,40,1,40,2,none,0.04226761,1,0.00003759,0.000,0.0000
1000,2.00,40,1,40,2,integer-r1,0.04226761,1,0.00003759,0.000,0.0000
1000,2.00,40,1,40,2,fractional-r1,0.04226761,1,0.00020818,0.000,0.3331
1000,2.00,40,1,40,2,gated-fractional-r1,0.04226761,1,0.00020818,0.000,0.3331
1000,2.00,40,4,10,2,none,0.02761609,1,0.00011569,0.000,0.0000
1000,2.00,40,4,10,2,integer-r1,0.02761609,1,0.00011569,0.000,0.0000
1000,2.00,40,4,10,2,fractional-r1,0.02761609,1,0.00017258,0.000,0.2735
1000,2.00,40,4,10,2,gated-fractional-r1,0.02761609,1,0.00017258,0.000,0.2735
1000,2.00,40,8,5,2,none,0.02717729,1,0.00016568,0.000,0.0000
1000,2.00,40,8,5,2,integer-r1,0.02717729,1,0.00016568,0.000,0.0000
1000,2.00,40,8,5,2,fractional-r1,0.02717729,1,0.00022447,0.000,0.2714
1000,2.00,40,8,5,2,gated-fractional-r1,0.02717729,1,0.00022447,0.000,0.2714
1000,3.00,40,1,40,2,none,0.02198251,1,0.00004065,0.000,0.0000
1000,3.00,40,1,40,2,integer-r1,0.02198251,1,0.00004065,0.000,0.0000
1000,3.00,40,1,40,2,fractional-r1,0.02198251,1,0.00009415,0.000,0.2432
1000,3.00,40,1,40,2,gated-fractional-r1,0.02198251,1,0.00009415,0.000,0.2432
1000,3.00,40,4,10,2,none,0.02732710,1,0.00014271,0.000,0.0000
1000,3.00,40,4,10,2,integer-r1,0.02732710,1,0.00014271,0.000,0.0000
1000,3.00,40,4,10,2,fractional-r1,0.02732710,1,0.00020201,0.000,0.2721
1000,3.00,40,4,10,2,gated-fractional-r1,0.02732710,1,0.00020201,0.000,0.2721
1000,3.00,40,8,5,2,none,0.02701702,1,0.00023026,0.000,0.0000
1000,3.00,40,8,5,2,integer-r1,0.02701702,1,0.00023026,0.000,0.0000
1000,3.00,40,8,5,2,fractional-r1,0.02701702,1,0.00030116,0.000,0.2706
1000,3.00,40,8,5,2,gated-fractional-r1,0.02701702,1,0.00030116,0.000,0.2706
