cycles_per_sample,delay,relative_mse,max_error
0.020,0.10,0.0000000000,0.00000256
0.020,0.25,0.0000000002,0.00001293
0.020,0.40,0.0000000005,0.00002313
0.020,0.50,0.0000000007,0.00002551
0.050,0.10,0.0000000059,0.00007635
0.050,0.25,0.0000001340,0.00036556
0.050,0.40,0.0000003989,0.00063056
0.050,0.50,0.0000004789,0.00069094
0.100,0.10,0.0000000464,0.00021517
0.100,0.25,0.0000010593,0.00102758
0.100,0.40,0.0000031458,0.00177085
0.100,0.50,0.0000037752,0.00193995
0.200,0.10,0.0000002183,0.00046659
0.200,0.25,0.0000052346,0.00228435
0.200,0.40,0.0000159625,0.00398910
0.200,0.50,0.0000192523,0.00438094
0.300,0.10,0.0000000363,0.00019014
0.300,0.25,0.0000008242,0.00090647
0.300,0.40,0.0000024368,0.00155860
0.300,0.50,0.0000029213,0.00170648
0.400,0.10,0.0000202728,0.00449550
0.400,0.25,0.0005397447,0.02319622
0.400,0.40,0.0017386915,0.04163265
0.400,0.50,0.0021188069,0.04595876
0.450,0.10,0.0012733219,0.03562802
0.450,0.25,0.0347949141,0.18624318
0.450,0.40,0.1136456549,0.33658826
0.450,0.50,0.1388542058,0.37205064
