seed,case,clean_error50,clean_error90,clean_r50,clean_beta50,artifact_error50,artifact_error90,artifact_r50,artifact_beta50,clean_seconds,artifact_seconds,corrected_fraction,correlation_fallbacks
850308571174,slice-temporal-up1,0.062294,0.099098,0.986708,1.157635,1440.017461,8969.734846,0.035291,1.143839,0.116,0.132,1.0000,0
850308571174,slice-same-slice-up1,0.240985,0.266101,0.893180,0.947735,1292.209404,8047.535972,0.029699,0.967000,0.156,0.175,1.0000,0
850308571174,slice-correlation-up1,0.137395,0.145139,0.960974,1.127165,1440.017461,8969.734846,0.035291,1.143839,0.215,0.205,1.0000,369
850308571174,slice-squared-correlation-up1,0.202464,0.215894,0.905420,0.942587,1228.104173,7648.969963,0.031747,1.002616,0.141,0.146,1.0000,0
850308571174,slice-temporal-up2,0.070065,0.100220,0.982234,1.145940,644.072171,4010.328346,0.058533,1.266059,0.209,0.214,1.0000,0
850308571174,slice-same-slice-up2,0.260182,0.261258,0.889024,0.934718,519.783318,3236.760512,0.052814,1.026543,0.234,0.242,1.0000,0
850308571174,slice-correlation-up2,0.104811,0.136442,0.966008,1.121436,371.406328,2317.517953,0.070329,1.156018,0.287,0.293,1.0000,103
850308571174,slice-squared-correlation-up2,0.209838,0.219145,0.901163,0.932777,507.197551,3159.879530,0.055055,1.057265,0.285,0.299,1.0000,0
850308571174,slice-temporal-up4,0.073254,0.103885,0.980167,1.140343,179.696212,1120.385048,0.100905,1.159063,0.667,0.663,1.0000,0
850308571174,slice-same-slice-up4,0.259974,0.264899,0.887201,0.930809,148.463529,925.800172,0.091387,0.958787,0.711,0.703,1.0000,0
850308571174,slice-correlation-up4,0.103885,0.140331,0.968745,1.121817,125.867129,783.577667,0.100473,0.969730,0.756,0.779,1.0000,1
850308571174,slice-squared-correlation-up4,0.212541,0.217587,0.899573,0.933043,155.428495,968.361985,0.090111,0.977183,0.756,0.782,1.0000,0
850308571174,slice-temporal-up5,0.074334,0.104693,0.979588,1.139069,106.424355,663.121607,0.134685,1.142337,0.975,0.986,1.0000,0
850308571174,slice-same-slice-up5,0.258516,0.266191,0.887140,0.930141,151.956806,946.122645,0.092426,0.974460,1.037,1.047,1.0000,0
850308571174,slice-correlation-up5,0.104693,0.141413,0.966696,1.118580,133.307285,830.640914,0.100328,0.992137,1.102,1.108,1.0000,1
850308571174,slice-squared-correlation-up5,0.214335,0.220564,0.898824,0.932056,135.225118,843.173120,0.099415,0.990206,1.108,1.100,1.0000,0
850308571174,slice-temporal-up10,0.074361,0.104790,0.979566,1.138940,87.637798,544.103263,0.145675,1.162202,3.350,3.406,1.0000,0
850308571174,slice-same-slice-up10,0.259132,0.266149,0.886615,0.929585,80.054253,495.609556,0.124395,0.958382,3.490,3.528,1.0000,0
850308571174,slice-correlation-up10,0.104790,0.141823,0.966664,1.118422,77.189982,477.098012,0.128842,0.971985,3.632,3.642,1.0000,1
850308571174,slice-squared-correlation-up10,0.214729,0.222102,0.898826,0.932063,77.850845,481.395459,0.128163,0.975699,3.605,3.583,1.0000,0
850308571175,slice-temporal-up1,0.060881,0.110489,0.985285,1.132564,1437.117338,9269.575328,0.036095,1.163190,0.068,0.078,1.0000,0
850308571175,slice-same-slice-up1,0.221637,0.249365,0.902403,0.980490,1289.602711,8316.892561,0.034128,1.041789,0.089,0.094,1.0000,0
850308571175,slice-correlation-up1,0.060881,0.110489,0.984179,1.130461,1437.117338,9269.575328,0.036095,1.163190,0.130,0.133,1.0000,369
850308571175,slice-squared-correlation-up1,0.203799,0.218012,0.920594,0.964097,1225.619207,7904.734842,0.034623,1.030420,0.126,0.136,1.0000,0
850308571175,slice-temporal-up2,0.069914,0.113610,0.981764,1.121453,642.912086,4143.515919,0.055119,1.188370,0.206,0.217,1.0000,0
850308571175,slice-same-slice-up2,0.219658,0.247151,0.902853,0.975169,518.781438,3344.964938,0.054915,1.064107,0.237,0.241,1.0000,0
850308571175,slice-correlation-up2,0.070026,0.113610,0.978232,1.115013,372.129661,2394.294180,0.065929,1.080152,0.275,0.285,1.0000,103
850308571175,slice-squared-correlation-up2,0.201398,0.209989,0.916075,0.961120,506.364245,3265.017221,0.054617,1.045594,0.281,0.290,1.0000,0
850308571175,slice-temporal-up4,0.074415,0.113770,0.978014,1.114730,179.811073,1157.333518,0.098183,1.123523,0.675,0.658,1.0000,0
850308571175,slice-same-slice-up4,0.226495,0.250624,0.902053,0.971664,148.502090,956.415288,0.095600,1.007800,0.703,0.717,1.0000,0
850308571175,slice-correlation-up4,0.078271,0.113770,0.974353,1.108930,125.925064,809.661669,0.103779,0.990697,0.768,0.781,1.0000,1
850308571175,slice-squared-correlation-up4,0.202324,0.209019,0.913984,0.957974,155.435260,1000.308129,0.092561,1.002074,0.761,0.773,1.0000,0
850308571175,slice-temporal-up5,0.075462,0.113144,0.977202,1.113663,106.121869,684.904195,0.130816,1.149296,0.994,1.021,1.0000,0
850308571175,slice-same-slice-up5,0.234484,0.249761,0.901651,0.970751,151.647623,977.713160,0.097098,1.002649,1.079,1.062,1.0000,0
850308571175,slice-correlation-up5,0.080149,0.113144,0.973401,1.107838,133.250045,858.679794,0.102170,0.996045,1.103,1.133,1.0000,1
850308571175,slice-squared-correlation-up5,0.201708,0.210069,0.913423,0.956891,135.276025,871.263507,0.101718,0.998379,1.116,1.131,1.0000,0
850308571175,slice-temporal-up10,0.075451,0.112139,0.977143,1.113320,87.119252,562.720569,0.142750,1.144969,3.446,3.385,1.0000,0
850308571175,slice-same-slice-up10,0.228359,0.250015,0.901565,0.969272,79.407780,512.569684,0.132866,1.004312,3.444,3.546,1.0000,0
850308571175,slice-correlation-up10,0.080349,0.112139,0.973322,1.107492,76.647981,494.326497,0.133637,0.999766,3.579,3.563,1.0000,1
850308571175,slice-squared-correlation-up10,0.201803,0.210105,0.914111,0.955885,77.316412,498.826417,0.133252,0.998890,3.602,3.578,1.0000,0
