component,latency_ms,width_ms,amplitude_uv,schedule,trials,case,shape_r,beta,peak_ratio,latency_error_ms,width_ratio,area_ratio,corrected_snr_db,clean_snr_db,false_positive_snr_db
P50,50,15,3.0,half-tr-locked,48,slice-temporal-up5,0.969942,1.086866,1.061673,0.000,1.117647,2.021909,9.882,9.269,9.869
P50,50,15,3.0,half-tr-locked,48,slice-correlation-up5,0.990350,0.197998,0.217132,0.000,0.882353,0.183771,12.284,9.269,12.284
P50,50,15,3.0,detuned-jittered,48,slice-temporal-up5,0.969977,1.114147,1.091846,-2.000,1.037037,1.794983,8.586,8.157,8.578
P50,50,15,3.0,detuned-jittered,48,slice-correlation-up5,0.967098,1.002798,1.003073,-6.000,0.037037,1.088310,10.082,8.157,10.091
N100,100,25,-5.0,half-tr-locked,48,slice-temporal-up5,0.978803,1.089071,1.078665,0.000,1.068966,1.584170,9.883,15.609,9.869
N100,100,25,-5.0,half-tr-locked,48,slice-correlation-up5,0.998059,0.189854,0.198286,0.000,0.931034,0.184971,12.291,15.609,12.284
N100,100,25,-5.0,detuned-jittered,48,slice-temporal-up5,0.975698,1.086355,1.086845,2.000,1.000000,1.535976,8.541,9.609,8.578
N100,100,25,-5.0,detuned-jittered,48,slice-correlation-up5,0.999537,1.022790,1.012393,2.000,1.000000,1.079304,11.907,9.609,10.091
N170,170,35,-5.0,half-tr-locked,48,slice-temporal-up5,0.978787,1.032888,1.056108,0.000,0.951220,1.402547,9.598,16.121,9.869
N170,170,35,-5.0,half-tr-locked,48,slice-correlation-up5,0.870596,0.185512,0.091694,-14.000,0.024390,0.210487,12.304,16.121,12.284
N170,170,35,-5.0,detuned-jittered,48,slice-temporal-up5,0.976994,1.022141,1.052331,0.000,0.956522,1.365925,8.576,11.600,8.578
N170,170,35,-5.0,detuned-jittered,48,slice-correlation-up5,0.995924,1.029000,1.027046,-4.000,1.000000,1.098848,12.516,11.600,10.091
P200,200,40,4.0,half-tr-locked,48,slice-temporal-up5,0.972841,0.996447,1.033048,0.000,0.936170,1.347431,10.709,13.437,9.869
P200,200,40,4.0,half-tr-locked,48,slice-correlation-up5,0.913302,0.179673,0.145214,26.000,0.021277,0.179793,12.295,13.437,12.284
P200,200,40,4.0,detuned-jittered,48,slice-temporal-up5,0.971265,0.985088,1.031286,0.000,0.923077,1.310046,8.266,10.563,8.578
P200,200,40,4.0,detuned-jittered,48,slice-correlation-up5,0.999560,1.031813,1.023033,-2.000,1.000000,1.080300,10.055,10.563,10.091
N200,250,50,-4.0,half-tr-locked,48,slice-temporal-up5,0.947318,0.915646,0.977658,0.000,0.915254,1.271207,8.732,12.603,9.869
N200,250,50,-4.0,half-tr-locked,48,slice-correlation-up5,0.989930,0.190899,0.204866,-18.000,0.457627,0.187653,12.275,12.603,12.284
N200,250,50,-4.0,detuned-jittered,48,slice-temporal-up5,0.945497,0.903651,0.965770,-2.000,0.903226,1.238126,9.447,10.354,8.578
N200,250,50,-4.0,detuned-jittered,48,slice-correlation-up5,0.999692,1.038467,1.027773,-2.000,1.016129,1.074913,11.303,10.354,10.091
P300,350,80,6.0,half-tr-locked,48,slice-temporal-up5,0.845314,0.692309,0.818322,0.000,0.810526,1.062305,9.969,16.683,9.869
P300,350,80,6.0,half-tr-locked,48,slice-correlation-up5,0.981166,0.180038,0.176161,-2.000,1.010526,0.186401,12.299,16.683,12.284
P300,350,80,6.0,detuned-jittered,48,slice-temporal-up5,0.844630,0.684101,0.816689,0.000,0.802083,1.039776,8.199,11.867,8.578
P300,350,80,6.0,detuned-jittered,48,slice-correlation-up5,0.997820,1.045656,1.041421,-8.000,0.989583,1.079801,10.849,11.867,10.091
N400,400,100,-5.0,half-tr-locked,48,slice-temporal-up5,0.803606,0.573740,0.728408,2.000,0.760684,0.863737,10.042,14.162,9.869
N400,400,100,-5.0,half-tr-locked,48,slice-correlation-up5,0.995714,0.182194,0.188955,-2.000,0.888889,0.182842,12.177,14.162,12.284
N400,400,100,-5.0,detuned-jittered,48,slice-temporal-up5,0.805489,0.569156,0.719502,-4.000,0.750000,0.847656,8.638,12.382,8.578
N400,400,100,-5.0,detuned-jittered,48,slice-correlation-up5,0.997970,1.047232,1.041234,14.000,0.950000,1.060185,12.012,12.382,10.091
P600,600,130,6.0,half-tr-locked,48,slice-temporal-up5,0.833408,0.454557,0.591043,8.000,0.688742,0.617282,9.511,13.611,9.869
P600,600,130,6.0,half-tr-locked,48,slice-correlation-up5,0.980670,0.180091,0.182224,-146.000,0.006623,0.185868,13.260,13.611,12.284
P600,600,130,6.0,detuned-jittered,48,slice-temporal-up5,0.871364,0.486485,0.612433,6.000,0.710526,0.609541,8.879,15.494,8.578
P600,600,130,6.0,detuned-jittered,48,slice-correlation-up5,0.999902,1.062686,1.057970,-8.000,1.000000,1.070568,13.575,15.494,10.091
