phase,sampling_rate,tr_seconds,duration_seconds,tr_count,slices,factor,effective_rate,grid,residual50,residual90,seconds,backend
factor-ladder,250,3.00,120,40,40,1,250,rounded-original,0.00540294,0.00540294,0.256,metal
factor-ladder,250,3.00,120,40,40,1,250,nominal-high-rate,0.00540294,0.00540294,0.253,metal
factor-ladder,250,3.00,120,40,40,2,500,rounded-original,0.00678078,0.00678078,0.352,metal
factor-ladder,250,3.00,120,40,40,2,500,nominal-high-rate,0.00657239,0.00657239,0.357,metal
factor-ladder,250,3.00,120,40,40,5,1250,rounded-original,0.00388679,0.00388679,1.111,metal
factor-ladder,250,3.00,120,40,40,5,1250,nominal-high-rate,0.00338352,0.00338352,1.139,metal
factor-ladder,250,3.00,120,40,40,10,2500,rounded-original,0.00243861,0.00243861,3.691,metal
factor-ladder,250,3.00,120,40,40,10,2500,nominal-high-rate,0.00194211,0.00194211,3.707,metal
factor-ladder,500,3.00,120,40,40,1,500,rounded-original,0.00540597,0.00540597,0.323,metal
factor-ladder,500,3.00,120,40,40,1,500,nominal-high-rate,0.00540597,0.00540597,0.302,metal
factor-ladder,500,3.00,120,40,40,2,1000,rounded-original,0.00560114,0.00560114,0.773,metal
factor-ladder,500,3.00,120,40,40,2,1000,nominal-high-rate,0.00479702,0.00479702,0.776,metal
factor-ladder,500,3.00,120,40,40,5,2500,rounded-original,0.00256328,0.00256328,3.775,metal
factor-ladder,500,3.00,120,40,40,5,2500,nominal-high-rate,0.00258703,0.00258703,3.728,metal
factor-ladder,500,3.00,120,40,40,10,5000,rounded-original,0.00129236,0.00129236,14.117,metal
factor-ladder,500,3.00,120,40,40,10,5000,nominal-high-rate,0.00145681,0.00145681,13.139,metal
factor-ladder,1000,3.00,120,40,40,1,1000,rounded-original,0.00551636,0.00551636,0.738,metal
factor-ladder,1000,3.00,120,40,40,1,1000,nominal-high-rate,0.00551636,0.00551636,0.694,metal
factor-ladder,1000,3.00,120,40,40,2,2000,rounded-original,0.00491849,0.00491849,2.449,metal
factor-ladder,1000,3.00,120,40,40,2,2000,nominal-high-rate,0.00491849,0.00491849,2.375,metal
factor-ladder,1000,3.00,120,40,40,5,5000,rounded-original,0.00199541,0.00199541,13.212,metal
factor-ladder,1000,3.00,120,40,40,5,5000,nominal-high-rate,0.00199541,0.00199541,13.063,metal
factor-ladder,1000,3.00,120,40,40,10,10000,rounded-original,0.00119476,0.00119476,51.357,metal
factor-ladder,1000,3.00,120,40,40,10,10000,nominal-high-rate,0.00119476,0.00119476,51.692,metal
factor-ladder,2000,3.00,120,40,40,1,2000,rounded-original,0.00574869,0.00574869,2.387,metal
factor-ladder,2000,3.00,120,40,40,1,2000,nominal-high-rate,0.00574869,0.00574869,2.353,metal
factor-ladder,2000,3.00,120,40,40,2,4000,rounded-original,0.00547557,0.00547557,9.032,metal
factor-ladder,2000,3.00,120,40,40,2,4000,nominal-high-rate,0.00547557,0.00547557,9.029,metal
factor-ladder,5000,3.00,120,40,40,1,5000,rounded-original,0.00242148,0.00242148,2.262,metal
factor-ladder,5000,3.00,120,40,40,1,5000,nominal-high-rate,0.00242148,0.00242148,2.059,metal
duration-plateau,250,3.00,60,20,40,10,2500,nominal-high-rate,0.00504933,0.00504933,1.757,metal
duration-plateau,250,3.00,300,100,40,10,2500,nominal-high-rate,0.00052127,0.00052127,9.784,metal
duration-plateau,250,3.00,600,200,40,10,2500,nominal-high-rate,0.00046548,0.00046548,20.745,metal
duration-plateau,500,3.00,60,20,40,5,2500,nominal-high-rate,0.00769149,0.00769149,1.849,metal
duration-plateau,500,3.00,300,100,40,5,2500,nominal-high-rate,0.00072856,0.00072856,9.746,metal
duration-plateau,500,3.00,600,200,40,5,2500,nominal-high-rate,0.00032086,0.00032086,20.630,metal
duration-plateau,1000,3.00,60,20,40,2,2000,nominal-high-rate,0.01703519,0.01703519,1.169,metal
duration-plateau,1000,3.00,300,100,40,2,2000,nominal-high-rate,0.00064803,0.00064803,6.527,metal
duration-plateau,1000,3.00,600,200,40,2,2000,nominal-high-rate,0.00045980,0.00045980,13.859,metal
duration-plateau,2000,3.00,60,20,40,1,2000,nominal-high-rate,0.02751534,0.02751534,1.134,metal
duration-plateau,2000,3.00,300,100,40,1,2000,nominal-high-rate,0.00046888,0.00046888,6.178,metal
duration-plateau,2000,3.00,600,200,40,1,2000,nominal-high-rate,0.00016071,0.00016071,13.120,metal
duration-plateau,5000,3.00,60,20,40,1,5000,nominal-high-rate,0.01261061,0.01261061,1.081,metal
duration-plateau,5000,3.00,300,100,40,1,5000,nominal-high-rate,0.00035598,0.00035598,5.890,metal
duration-plateau,5000,3.00,600,200,40,1,5000,nominal-high-rate,0.00010769,0.00010769,12.668,metal
