rate,schedule,isi,jitter,trials,max_phase_r,harmonic,scheme,beta,corrected_snr_db,false_snr_db
500,tr,3.000,0.000,29,1.000000,1,temporal,1.110730,30.883,21.737
500,tr,3.000,0.000,29,1.000000,1,correlation,0.015210,29.795,25.024
500,half,1.500,0.000,48,1.000000,2,temporal,1.219145,25.587,29.580
500,half,1.500,0.000,48,1.000000,2,correlation,0.002275,23.100,18.136
500,third,1.000,0.000,48,1.000000,3,temporal,1.015835,30.324,17.447
500,third,1.000,0.000,48,1.000000,3,correlation,0.007238,25.757,19.614
500,two-thirds,2.000,0.000,43,1.000000,3,temporal,1.114309,30.033,15.806
500,two-thirds,2.000,0.000,43,1.000000,3,correlation,0.006459,21.311,18.941
500,half-j005,1.500,0.005,48,0.999891,2,temporal,1.219087,25.621,17.468
500,half-j005,1.500,0.005,48,0.999891,2,correlation,-0.004270,23.115,26.098
500,half-j010,1.500,0.010,48,0.999564,2,temporal,1.218868,25.743,19.429
500,half-j010,1.500,0.010,48,0.999564,2,correlation,0.005341,22.862,21.219
500,half-j025,1.500,0.025,48,0.997278,2,temporal,1.217406,26.531,12.960
500,half-j025,1.500,0.025,48,0.997278,2,correlation,0.004964,24.507,23.019
500,half-j050,1.500,0.050,48,0.989134,2,temporal,1.211810,29.349,15.952
500,half-j050,1.500,0.050,48,0.989134,2,correlation,0.020254,22.335,16.266
500,half-j100,1.500,0.100,48,0.956891,2,temporal,1.187967,35.574,12.184
500,half-j100,1.500,0.100,48,0.956891,2,correlation,0.074817,15.552,16.056
500,half-j200,1.500,0.200,48,0.833120,2,temporal,1.128969,28.144,11.221
500,half-j200,1.500,0.200,48,0.833120,2,correlation,0.325315,19.559,16.012
500,detune-1495,1.495,0.000,48,0.958436,2,temporal,1.218256,25.599,10.838
500,detune-1495,1.495,0.000,48,0.958436,2,correlation,0.089849,14.862,15.046
500,detune-1490,1.490,0.000,48,0.839930,2,temporal,1.217264,25.639,11.545
500,detune-1490,1.490,0.000,48,0.839930,2,correlation,0.312137,21.291,15.641
500,detune-1480,1.480,0.000,48,0.450156,2,temporal,1.214977,25.793,16.777
500,detune-1480,1.480,0.000,48,0.450156,2,correlation,0.690724,29.601,16.745
500,detune-1470,1.470,0.000,48,0.041584,2,temporal,1.212231,26.073,18.722
500,detune-1470,1.470,0.000,48,0.041584,2,correlation,0.841822,25.906,20.340
500,detune-1450,1.450,0.000,48,0.189553,2,temporal,1.205118,27.035,18.893
500,detune-1450,1.450,0.000,48,0.189553,2,correlation,0.819367,19.977,13.434
500,detune-1400,1.400,0.000,48,0.058898,2,temporal,1.175103,32.278,15.982
500,detune-1400,1.400,0.000,48,0.058898,2,correlation,0.711401,24.496,15.545
1000,tr,3.000,0.000,29,1.000000,1,temporal,1.110725,30.871,27.707
1000,tr,3.000,0.000,29,1.000000,1,correlation,-0.008947,44.752,26.747
1000,half,1.500,0.000,48,1.000000,2,temporal,1.219126,25.592,33.905
1000,half,1.500,0.000,48,1.000000,2,correlation,-0.016652,46.278,22.997
1000,third,1.000,0.000,48,1.000000,3,temporal,1.015951,30.329,25.502
1000,third,1.000,0.000,48,1.000000,3,correlation,0.009482,19.044,20.944
1000,two-thirds,2.000,0.000,43,1.000000,3,temporal,1.114277,30.034,30.614
1000,two-thirds,2.000,0.000,43,1.000000,3,correlation,0.004082,19.124,22.005
1000,half-j005,1.500,0.005,48,0.999891,2,temporal,1.219059,25.632,30.988
1000,half-j005,1.500,0.005,48,0.999891,2,correlation,-0.019163,40.934,24.541
1000,half-j010,1.500,0.010,48,0.999564,2,temporal,1.218850,25.742,28.000
1000,half-j010,1.500,0.010,48,0.999564,2,correlation,-0.011629,30.781,25.464
1000,half-j025,1.500,0.025,48,0.997278,2,temporal,1.217366,26.547,22.856
1000,half-j025,1.500,0.025,48,0.997278,2,correlation,-0.018306,26.398,23.173
1000,half-j050,1.500,0.050,48,0.989134,2,temporal,1.211824,29.337,17.223
1000,half-j050,1.500,0.050,48,0.989134,2,correlation,-0.011257,21.877,17.857
1000,half-j100,1.500,0.100,48,0.956891,2,temporal,1.187920,35.538,11.405
1000,half-j100,1.500,0.100,48,0.956891,2,correlation,0.050280,20.477,15.020
1000,half-j200,1.500,0.200,48,0.833120,2,temporal,1.128736,28.119,11.914
1000,half-j200,1.500,0.200,48,0.833120,2,correlation,0.297008,19.127,17.090
1000,detune-1495,1.495,0.000,48,0.958436,2,temporal,1.218237,25.608,8.663
1000,detune-1495,1.495,0.000,48,0.958436,2,correlation,0.072021,21.727,13.945
1000,detune-1490,1.490,0.000,48,0.839930,2,temporal,1.217246,25.657,12.907
1000,detune-1490,1.490,0.000,48,0.839930,2,correlation,0.295390,14.847,16.904
1000,detune-1480,1.480,0.000,48,0.450156,2,temporal,1.214960,25.787,20.406
1000,detune-1480,1.480,0.000,48,0.450156,2,correlation,0.676102,18.498,15.535
1000,detune-1470,1.470,0.000,48,0.041584,2,temporal,1.212217,26.067,21.795
1000,detune-1470,1.470,0.000,48,0.041584,2,correlation,0.833165,27.956,16.059
1000,detune-1450,1.450,0.000,48,0.189553,2,temporal,1.205102,27.070,19.087
1000,detune-1450,1.450,0.000,48,0.189553,2,correlation,0.807863,21.981,23.802
1000,detune-1400,1.400,0.000,48,0.058898,2,temporal,1.175092,32.244,19.374
1000,detune-1400,1.400,0.000,48,0.058898,2,correlation,0.710507,22.617,23.260
