duration_seconds,tr_seconds,slices,factor,stage,residual,integer_shift_p90,fractional_shift_p90,seconds
120,2.00,30,5,integer-only,0.00130559,0.000,0.0000,3.614
120,2.00,30,5,fractional,0.00037530,1.000,0.4463,5.479
120,2.00,30,10,integer-only,0.00079810,1.000,0.0000,12.670
120,2.00,30,10,fractional,0.00015794,1.000,0.4339,15.162
120,2.00,32,5,integer-only,0.00134467,0.000,0.0000,3.326
120,2.00,32,5,fractional,0.00027358,1.000,0.4419,5.188
120,2.00,32,10,integer-only,0.00080260,0.000,0.0000,11.886
120,2.00,32,10,fractional,0.00017966,1.000,0.4696,14.457
120,2.25,40,5,integer-only,0.00174802,0.000,0.0000,3.462
120,2.25,40,5,fractional,0.00040965,1.000,0.4372,5.296
120,2.25,40,10,integer-only,0.00103728,1.000,0.0000,11.227
120,2.25,40,10,fractional,0.00015356,1.000,0.4410,14.091
120,2.50,40,5,integer-only,0.00179287,0.000,0.0000,3.412
120,2.50,40,5,fractional,0.00037958,1.000,0.4419,4.971
120,2.50,40,10,integer-only,0.00096085,0.000,0.0000,11.718
120,2.50,40,10,fractional,0.00025003,1.000,0.4696,14.427
120,3.00,45,5,integer-only,0.00240986,0.000,0.0000,3.470
120,3.00,45,5,fractional,0.00054625,1.000,0.4463,4.912
120,3.00,45,10,integer-only,0.00127584,1.000,0.0000,11.814
120,3.00,45,10,fractional,0.00026165,1.000,0.4340,14.432
