phase,sampling_rate,tr_seconds,duration_seconds,tr_count,slices,case,residual50,residual90,seconds,backend
duration-tr,500,0.50,30,60,40,slice-correlation-up5,0.04638197,0.04638197,0.544,metal
duration-tr,500,0.50,30,60,40,slice-correlation-up10,0.06067130,0.06067130,1.098,metal
duration-tr,500,0.50,30,60,1,volume-up1,0.08929132,0.08929132,0.039,metal
duration-tr,500,0.50,30,60,1,volume-up5,0.01773736,0.01773736,0.721,metal
duration-tr,500,0.50,60,120,40,slice-correlation-up5,0.04452970,0.04452970,1.390,metal
duration-tr,500,0.50,120,240,40,slice-correlation-up5,0.04790170,0.04790170,3.926,metal
duration-tr,500,0.50,120,240,40,slice-correlation-up10,0.06125838,0.06125838,6.433,metal
duration-tr,500,0.50,120,240,1,volume-up1,0.09279195,0.09279195,0.156,metal
duration-tr,500,0.50,120,240,1,volume-up5,0.01808943,0.01808943,2.856,metal
duration-tr,500,0.50,300,600,40,slice-correlation-up5,0.04805005,0.04805005,13.416,metal
duration-tr,500,0.50,600,1200,40,slice-correlation-up5,0.04826032,0.04826032,29.058,metal
duration-tr,500,0.50,600,1200,40,slice-correlation-up10,0.06157995,0.06157995,42.176,metal
duration-tr,500,0.50,600,1200,1,volume-up1,0.09141204,0.09141204,0.734,metal
duration-tr,500,0.50,600,1200,1,volume-up5,0.01826266,0.01826266,14.282,metal
duration-tr,500,1.00,30,30,40,slice-correlation-up5,0.00552605,0.00552605,0.514,metal
duration-tr,500,1.00,30,30,40,slice-correlation-up10,0.00386335,0.00386335,1.415,metal
duration-tr,500,1.00,30,30,1,volume-up1,0.26479683,0.26479683,0.127,metal
duration-tr,500,1.00,30,30,1,volume-up5,0.02288351,0.02288351,2.683,metal
duration-tr,500,1.00,60,60,40,slice-correlation-up5,0.00175167,0.00175167,1.167,metal
duration-tr,500,1.00,120,120,40,slice-correlation-up5,0.00045376,0.00045376,2.714,metal
duration-tr,500,1.00,120,120,40,slice-correlation-up10,0.00036736,0.00036736,6.433,metal
duration-tr,500,1.00,120,120,1,volume-up1,0.24998876,0.24998876,0.511,metal
duration-tr,500,1.00,120,120,1,volume-up5,0.02191874,0.02191874,11.025,metal
duration-tr,500,1.00,300,300,40,slice-correlation-up5,0.00038944,0.00038944,9.187,metal
duration-tr,500,1.00,600,600,40,slice-correlation-up5,0.00039078,0.00039078,21.801,metal
duration-tr,500,1.00,600,600,40,slice-correlation-up10,0.00039796,0.00039796,40.506,metal
duration-tr,500,1.00,600,600,1,volume-up1,0.24725632,0.24725632,2.438,metal
duration-tr,500,1.00,600,600,1,volume-up5,0.02180370,0.02180370,55.214,metal
duration-tr,500,1.50,30,20,40,slice-correlation-up5,0.01248164,0.01248164,0.530,metal
duration-tr,500,1.50,30,20,40,slice-correlation-up10,0.00734059,0.00734059,1.781,metal
duration-tr,500,1.50,30,20,1,volume-up1,0.40471325,0.40471325,0.169,metal
duration-tr,500,1.50,30,20,1,volume-up5,0.03563640,0.03563640,3.869,metal
duration-tr,500,1.50,60,40,40,slice-correlation-up5,0.00393552,0.00393552,1.109,metal
duration-tr,500,1.50,120,80,40,slice-correlation-up5,0.00113998,0.00113998,2.446,metal
duration-tr,500,1.50,120,80,40,slice-correlation-up10,0.00068477,0.00068477,7.786,metal
duration-tr,500,1.50,120,80,1,volume-up1,0.44227434,0.44227434,0.705,metal
duration-tr,500,1.50,120,80,1,volume-up5,0.03798016,0.03798016,15.897,metal
duration-tr,500,1.50,300,200,40,slice-correlation-up5,0.00037180,0.00037180,7.454,metal
duration-tr,500,1.50,600,400,40,slice-correlation-up5,0.00034644,0.00034644,17.796,metal
duration-tr,500,1.50,600,400,40,slice-correlation-up10,0.00036651,0.00036651,45.059,metal
duration-tr,500,1.50,600,400,1,volume-up1,0.44410592,0.44410592,3.467,metal
duration-tr,500,1.50,600,400,1,volume-up5,0.03801415,0.03801415,80.893,metal
duration-tr,500,2.00,30,15,40,slice-correlation-up5,0.01673325,0.01673325,0.649,metal
duration-tr,500,2.00,30,15,40,slice-correlation-up10,0.00867171,0.00867171,2.204,metal
duration-tr,500,2.00,30,15,1,volume-up1,0.39086067,0.39086067,0.226,metal
duration-tr,500,2.00,30,15,1,volume-up5,0.03436696,0.03436696,4.997,metal
duration-tr,500,2.00,60,30,40,slice-correlation-up5,0.00517158,0.00517158,1.356,metal
duration-tr,500,2.00,120,60,40,slice-correlation-up5,0.00171832,0.00171832,2.988,metal
duration-tr,500,2.00,120,60,40,slice-correlation-up10,0.00095897,0.00095897,9.509,metal
duration-tr,500,2.00,120,60,1,volume-up1,0.50299040,0.50299040,0.955,metal
duration-tr,500,2.00,120,60,1,volume-up5,0.04038500,0.04038500,21.304,metal
duration-tr,500,2.00,300,150,40,slice-correlation-up5,0.00070855,0.00070855,7.918,metal
duration-tr,500,2.00,600,300,40,slice-correlation-up5,0.00029297,0.00029297,18.005,metal
duration-tr,500,2.00,600,300,40,slice-correlation-up10,0.00038550,0.00038550,51.238,metal
duration-tr,500,2.00,600,300,1,volume-up1,0.51377723,0.51377723,4.418,metal
duration-tr,500,2.00,600,300,1,volume-up5,0.04127384,0.04127384,107.595,metal
duration-tr,500,2.25,30,13,40,slice-correlation-up5,0.01380361,0.01380361,0.786,metal
duration-tr,500,2.25,30,13,40,slice-correlation-up10,0.01912817,0.01912817,2.634,metal
duration-tr,500,2.25,30,13,1,volume-up1,0.37141237,0.37141237,0.253,metal
duration-tr,500,2.25,30,13,1,volume-up5,0.03519354,0.03519354,5.372,metal
duration-tr,500,2.25,60,26,40,slice-correlation-up5,0.00502422,0.00502422,1.517,metal
duration-tr,500,2.25,120,53,40,slice-correlation-up5,0.00175324,0.00175324,3.245,metal
duration-tr,500,2.25,120,53,40,slice-correlation-up10,0.01211537,0.01211537,10.852,metal
duration-tr,500,2.25,120,53,1,volume-up1,0.47567577,0.47567577,0.976,metal
duration-tr,500,2.25,120,53,1,volume-up5,0.04022265,0.04022265,22.177,metal
duration-tr,500,2.25,300,133,40,slice-correlation-up5,0.00066963,0.00066963,8.514,metal
duration-tr,500,2.25,600,266,40,slice-correlation-up5,0.00034926,0.00034926,18.742,metal
duration-tr,500,2.25,600,266,40,slice-correlation-up10,0.01159572,0.01159572,56.906,metal
duration-tr,500,2.25,600,266,1,volume-up1,0.49140601,0.49140601,4.915,metal
duration-tr,500,2.25,600,266,1,volume-up5,0.04143406,0.04143406,111.066,metal
duration-tr,500,2.50,30,12,40,slice-correlation-up5,0.03649807,0.03649807,0.696,metal
duration-tr,500,2.50,30,12,40,slice-correlation-up10,0.07264632,0.07264632,2.627,metal
duration-tr,500,2.50,30,12,1,volume-up1,0.36048319,0.36048319,0.264,metal
duration-tr,500,2.50,30,12,1,volume-up5,0.01259694,0.01259694,4.985,metal
duration-tr,500,2.50,60,24,40,slice-correlation-up5,0.02613728,0.02613728,1.528,metal
duration-tr,500,2.50,120,48,40,slice-correlation-up5,0.02382959,0.02382959,3.049,metal
duration-tr,500,2.50,120,48,40,slice-correlation-up10,0.06573161,0.06573161,11.216,metal
duration-tr,500,2.50,120,48,1,volume-up1,0.43861553,0.43861553,1.079,metal
duration-tr,500,2.50,120,48,1,volume-up5,0.01956922,0.01956922,21.771,metal
duration-tr,500,2.50,300,120,40,slice-correlation-up5,0.02254132,0.02254132,8.263,metal
duration-tr,500,2.50,600,240,40,slice-correlation-up5,0.02219768,0.02219768,18.630,metal
duration-tr,500,2.50,600,240,40,slice-correlation-up10,0.06492366,0.06492366,59.709,metal
duration-tr,500,2.50,600,240,1,volume-up1,0.44712734,0.44712734,5.485,metal
duration-tr,500,2.50,600,240,1,volume-up5,0.02069125,0.02069125,111.122,metal
duration-tr,500,2.75,30,10,40,slice-correlation-up5,0.10512844,0.10512844,0.785,metal
duration-tr,500,2.75,30,10,40,slice-correlation-up10,0.14717240,0.14717240,2.906,metal
duration-tr,500,2.75,30,10,1,volume-up1,0.39283646,0.39283646,0.290,metal
duration-tr,500,2.75,30,10,1,volume-up5,0.01901803,0.01901803,4.995,metal
duration-tr,500,2.75,60,21,40,slice-correlation-up5,0.08995566,0.08995566,1.639,metal
duration-tr,500,2.75,120,43,40,slice-correlation-up5,0.08521870,0.08521870,3.427,metal
duration-tr,500,2.75,120,43,40,slice-correlation-up10,0.13472062,0.13472062,12.545,metal
duration-tr,500,2.75,120,43,1,volume-up1,0.43519682,0.43519682,1.165,metal
duration-tr,500,2.75,120,43,1,volume-up5,0.02555186,0.02555186,21.669,metal
duration-tr,500,2.75,300,109,40,slice-correlation-up5,0.08369766,0.08369766,9.043,metal
duration-tr,500,2.75,600,218,40,slice-correlation-up5,0.08293719,0.08293719,19.626,metal
duration-tr,500,2.75,600,218,40,slice-correlation-up10,0.13343100,0.13343100,65.596,metal
duration-tr,500,2.75,600,218,1,volume-up1,0.45135464,0.45135464,5.870,metal
duration-tr,500,2.75,600,218,1,volume-up5,0.02607619,0.02607619,110.542,metal
duration-tr,500,3.00,30,10,40,slice-correlation-up5,0.02534191,0.02534191,0.866,metal
duration-tr,500,3.00,30,10,40,slice-correlation-up10,0.01530643,0.01530643,3.251,metal
duration-tr,500,3.00,30,10,1,volume-up1,0.38473072,0.38473072,0.310,metal
duration-tr,500,3.00,30,10,1,volume-up5,0.02807172,0.02807172,4.882,metal
duration-tr,500,3.00,60,20,40,slice-correlation-up5,0.00801405,0.00801405,1.798,metal
duration-tr,500,3.00,120,40,40,slice-correlation-up5,0.00256328,0.00256328,3.745,metal
duration-tr,500,3.00,120,40,40,slice-correlation-up10,0.00129236,0.00129236,14.022,metal
duration-tr,500,3.00,120,40,1,volume-up1,0.39112226,0.39112226,1.281,metal
duration-tr,500,3.00,120,40,1,volume-up5,0.03135460,0.03135460,21.438,metal
duration-tr,500,3.00,300,100,40,slice-correlation-up5,0.00066447,0.00066447,9.781,metal
duration-tr,500,3.00,600,200,40,slice-correlation-up5,0.00030707,0.00030707,20.944,metal
duration-tr,500,3.00,600,200,40,slice-correlation-up10,0.00036072,0.00036072,72.849,metal
duration-tr,500,3.00,600,200,1,volume-up1,0.38146698,0.38146698,6.413,metal
duration-tr,500,3.00,600,200,1,volume-up5,0.03298850,0.03298850,110.403,metal
slice-count,500,1.00,60,60,1,volume-up1,0.24950105,0.24950105,0.886,metal
slice-count,500,1.00,60,60,20,slice-correlation-up5,0.00183249,0.00183249,1.477,metal
slice-count,500,1.00,60,60,30,slice-correlation-up5,0.00192593,0.00192593,1.220,metal
slice-count,500,1.00,60,60,32,slice-correlation-up5,0.00173708,0.00173708,1.250,metal
slice-count,500,1.00,60,60,40,slice-correlation-up5,0.00175167,0.00175167,1.152,metal
slice-count,500,1.00,60,60,45,slice-correlation-up5,0.02587493,0.02587493,0.972,metal
slice-count,500,1.00,60,60,50,slice-correlation-up5,0.00227840,0.00227840,0.999,metal
slice-count,500,1.00,300,300,1,volume-up1,0.24553017,0.24553017,4.526,metal
slice-count,500,1.00,300,300,20,slice-correlation-up5,0.00031147,0.00031147,8.982,metal
slice-count,500,1.00,300,300,30,slice-correlation-up5,0.00040792,0.00040792,8.502,metal
slice-count,500,1.00,300,300,32,slice-correlation-up5,0.00030569,0.00030569,8.900,metal
slice-count,500,1.00,300,300,40,slice-correlation-up5,0.00038944,0.00038944,8.961,metal
slice-count,500,1.00,300,300,45,slice-correlation-up5,0.02631943,0.02631943,8.030,metal
slice-count,500,1.00,300,300,50,slice-correlation-up5,0.00044282,0.00044282,8.368,metal
slice-count,500,1.00,600,600,1,volume-up1,0.24494649,0.24494649,8.983,metal
slice-count,500,1.00,600,600,20,slice-correlation-up5,0.00030404,0.00030404,20.182,metal
slice-count,500,1.00,600,600,30,slice-correlation-up5,0.00037343,0.00037343,19.823,metal
slice-count,500,1.00,600,600,32,slice-correlation-up5,0.00028408,0.00028408,20.852,metal
slice-count,500,1.00,600,600,40,slice-correlation-up5,0.00039078,0.00039078,22.032,metal
slice-count,500,1.00,600,600,45,slice-correlation-up5,0.02634289,0.02634289,18.803,metal
slice-count,500,1.00,600,600,50,slice-correlation-up5,0.00046237,0.00046237,19.554,metal
slice-count,500,2.00,60,30,1,volume-up1,0.40830834,0.40830834,1.672,metal
slice-count,500,2.00,60,30,20,slice-correlation-up5,0.00464105,0.00464105,2.302,metal
slice-count,500,2.00,60,30,30,slice-correlation-up5,0.06200832,0.06200832,1.669,metal
slice-count,500,2.00,60,30,32,slice-correlation-up5,0.02566177,0.02566177,1.499,metal
slice-count,500,2.00,60,30,40,slice-correlation-up5,0.00517158,0.00517158,1.380,metal
slice-count,500,2.00,60,30,45,slice-correlation-up5,0.00734717,0.00734717,1.200,metal
slice-count,500,2.00,60,30,50,slice-correlation-up5,0.00335295,0.00335295,1.272,metal
slice-count,500,2.00,300,150,1,volume-up1,0.45143884,0.45143884,8.554,metal
slice-count,500,2.00,300,150,20,slice-correlation-up5,0.00069554,0.00069554,12.158,metal
slice-count,500,2.00,300,150,30,slice-correlation-up5,0.05997906,0.05997906,9.095,metal
slice-count,500,2.00,300,150,32,slice-correlation-up5,0.02250780,0.02250780,8.291,metal
slice-count,500,2.00,300,150,40,slice-correlation-up5,0.00070855,0.00070855,8.022,metal
slice-count,500,2.00,300,150,45,slice-correlation-up5,0.00347548,0.00347548,7.071,metal
slice-count,500,2.00,300,150,50,slice-correlation-up5,0.00047726,0.00047726,7.514,metal
slice-count,500,2.00,600,300,1,volume-up1,0.45038805,0.45038805,17.321,metal
slice-count,500,2.00,600,300,20,slice-correlation-up5,0.00029415,0.00029415,25.346,metal
slice-count,500,2.00,600,300,30,slice-correlation-up5,0.05955294,0.05955294,19.779,metal
slice-count,500,2.00,600,300,32,slice-correlation-up5,0.02218539,0.02218539,18.406,metal
slice-count,500,2.00,600,300,40,slice-correlation-up5,0.00029297,0.00029297,17.835,metal
slice-count,500,2.00,600,300,45,slice-correlation-up5,0.00337714,0.00337714,16.625,metal
slice-count,500,2.00,600,300,50,slice-correlation-up5,0.00035345,0.00035345,17.650,metal
slice-count,500,3.00,60,20,1,volume-up1,0.34202082,0.34202082,2.067,metal
slice-count,500,3.00,60,20,20,slice-correlation-up5,0.00838570,0.00838570,3.196,metal
slice-count,500,3.00,60,20,30,slice-correlation-up5,0.00829793,0.00829793,2.246,metal
slice-count,500,3.00,60,20,32,slice-correlation-up5,0.00778709,0.00778709,2.077,metal
slice-count,500,3.00,60,20,40,slice-correlation-up5,0.00801405,0.00801405,1.778,metal
slice-count,500,3.00,60,20,45,slice-correlation-up5,0.06655907,0.06655907,1.621,metal
slice-count,500,3.00,60,20,50,slice-correlation-up5,0.00962622,0.00962622,1.444,metal
slice-count,500,3.00,300,100,1,volume-up1,0.35753974,0.35753974,10.957,metal
slice-count,500,3.00,300,100,20,slice-correlation-up5,0.00091750,0.00091750,16.863,metal
slice-count,500,3.00,300,100,30,slice-correlation-up5,0.00100735,0.00100735,11.957,metal
slice-count,500,3.00,300,100,32,slice-correlation-up5,0.00078647,0.00078647,11.121,metal
slice-count,500,3.00,300,100,40,slice-correlation-up5,0.00066447,0.00066447,9.800,metal
slice-count,500,3.00,300,100,45,slice-correlation-up5,0.06020193,0.06020193,8.839,metal
slice-count,500,3.00,300,100,50,slice-correlation-up5,0.00120668,0.00120668,8.263,metal
slice-count,500,3.00,600,200,1,volume-up1,0.36120186,0.36120186,21.941,metal
slice-count,500,3.00,600,200,20,slice-correlation-up5,0.00032444,0.00032444,35.025,metal
slice-count,500,3.00,600,200,30,slice-correlation-up5,0.00032429,0.00032429,24.928,metal
slice-count,500,3.00,600,200,32,slice-correlation-up5,0.00032961,0.00032961,23.303,metal
slice-count,500,3.00,600,200,40,slice-correlation-up5,0.00030707,0.00030707,20.725,metal
slice-count,500,3.00,600,200,45,slice-correlation-up5,0.05956554,0.05956554,19.122,metal
slice-count,500,3.00,600,200,50,slice-correlation-up5,0.00032075,0.00032075,17.974,metal
