seed,factor,residual_error50,residual_error90,residual_seconds,corrected_fraction
850308571174,1,0.39719291,0.39719291,0.611,1.0000
850308571174,2,0.11775493,0.11775493,1.254,1.0000
850308571174,4,0.05153324,0.05153324,4.061,1.0000
850308571174,5,0.03276268,0.03276268,5.093,1.0000
850308571174,10,0.02072216,0.02072216,10.252,1.0000
850308571175,1,0.39719291,0.39719291,0.336,1.0000
850308571175,2,0.11775493,0.11775493,1.210,1.0000
850308571175,4,0.05153324,0.05153324,4.167,1.0000
850308571175,5,0.03276268,0.03276268,5.204,1.0000
850308571175,10,0.02072216,0.02072216,10.219,1.0000
