axis,value,engine,seed,metric_p90,metric_median,truth_p90,truth_median,inband_metric_p90,inband_truth_p90,removed,coverage
baseline,-,FASTR,1,0.70263,0.64276,52.69757,12.21804,0.35744,0.76123,0.974200,1.0000
baseline,-,Allen IAR,1,0.90671,0.90570,4115.30307,946.71740,0.84184,8.43682,0.743527,1.0000
baseline,-,Local median,1,0.92614,0.92503,6182.29051,1422.25474,0.89358,14.42926,0.870210,1.0000
baseline,-,FASTR,2,0.70481,0.64589,54.71721,12.38980,0.37554,0.79315,0.974176,1.0000
baseline,-,Allen IAR,2,0.90648,0.90559,4272.67741,959.76293,0.84637,8.77225,0.743519,1.0000
baseline,-,Local median,2,0.92588,0.92549,6418.48584,1441.71233,0.89655,15.05358,0.870167,1.0000
clock µs/s,0,FASTR,1,0.57713,0.24458,1.93080,0.53598,0.37707,0.82481,1.004426,1.0000
clock µs/s,0,Allen IAR,1,0.84121,0.58043,7.69208,1.80978,0.82289,5.28642,1.003236,1.0000
clock µs/s,0,Local median,1,0.58453,0.26026,2.14103,0.62482,0.37651,0.86526,1.003963,1.0000
clock µs/s,0,FASTR,2,0.58895,0.26377,2.00233,0.54942,0.39063,0.85816,1.004433,1.0000
clock µs/s,0,Allen IAR,2,0.84454,0.58979,7.99326,1.83891,0.82700,5.50588,1.003232,1.0000
clock µs/s,0,Local median,2,0.59731,0.27074,2.21489,0.63926,0.38288,0.89915,1.003914,1.0000
clock µs/s,500,FASTR,1,0.76456,0.70971,62.06891,14.37462,0.46925,1.20432,0.974255,1.0000
clock µs/s,500,Allen IAR,1,0.92948,0.92906,3615.76938,831.84103,0.78499,5.60443,0.752470,1.0000
clock µs/s,500,Local median,1,0.92353,0.92264,5476.60116,1259.76536,0.90171,15.83170,0.844292,1.0000
clock µs/s,500,FASTR,2,0.76577,0.71339,64.43514,14.56675,0.48937,1.24126,0.974232,1.0000
clock µs/s,500,Allen IAR,2,0.92998,0.92870,3754.07479,842.99764,0.78635,5.77680,0.752476,1.0000
clock µs/s,500,Local median,2,0.92376,0.92296,5685.61209,1276.59885,0.90380,16.32354,0.844313,1.0000
clock µs/s,1500,FASTR,1,0.68120,0.61075,43.99290,10.22291,0.27022,0.52674,0.973488,1.0000
clock µs/s,1500,Allen IAR,1,0.92029,0.91941,3897.91197,896.96538,0.84923,9.04491,0.771994,1.0000
clock µs/s,1500,Local median,1,0.92634,0.92530,4775.29924,1098.79518,0.87787,11.26904,0.838555,1.0000
clock µs/s,1500,FASTR,2,0.68223,0.61361,45.68158,10.35592,0.27953,0.54844,0.973481,1.0000
clock µs/s,1500,Allen IAR,2,0.92052,0.91916,4047.73094,908.92726,0.85543,9.40542,0.771993,1.0000
clock µs/s,1500,Local median,2,0.92622,0.92530,4958.77676,1113.37077,0.88613,11.84833,0.838599,1.0000
clock µs/s,5000,FASTR,1,0.67808,0.60407,39.85161,9.27099,0.23883,0.47888,0.969854,1.0000
clock µs/s,5000,Allen IAR,1,0.90320,0.90228,5399.46929,1242.88525,0.86793,11.31094,0.659886,1.0000
clock µs/s,5000,Local median,1,0.92012,0.91977,7340.59163,1687.78963,0.95218,30.35573,0.789037,1.0000
clock µs/s,5000,FASTR,2,0.67462,0.60691,41.35092,9.40495,0.24477,0.49645,0.969851,1.0000
clock µs/s,5000,Allen IAR,2,0.90336,0.90232,5602.65689,1260.94210,0.87017,11.77028,0.659883,1.0000
clock µs/s,5000,Local median,2,0.92004,0.91953,7616.42634,1712.45588,0.95235,31.27192,0.789011,1.0000
slow modulation,0.0,FASTR,1,0.70140,0.64061,50.05338,11.61028,0.36373,0.78070,0.972431,1.0000
slow modulation,0.0,Allen IAR,1,0.90660,0.90571,3851.03237,885.94537,0.83633,7.94248,0.744694,1.0000
slow modulation,0.0,Local median,1,0.92619,0.92505,5883.69695,1353.56241,0.88763,13.24870,0.867627,1.0000
slow modulation,0.0,FASTR,2,0.70436,0.64208,51.97253,11.77411,0.38432,0.81293,0.972411,1.0000
slow modulation,0.0,Allen IAR,2,0.90659,0.90577,3998.32292,898.13922,0.83830,8.28656,0.744907,1.0000
slow modulation,0.0,Local median,2,0.92591,0.92531,6108.45658,1372.09233,0.89068,13.82070,0.867596,1.0000
slow modulation,0.3,FASTR,1,0.70541,0.65335,63.07737,14.60548,0.34781,0.75907,0.982255,1.0000
slow modulation,0.3,Allen IAR,1,0.90624,0.90549,4677.20851,1075.97405,0.85873,9.93999,0.746233,1.0000
slow modulation,0.3,Local median,1,0.92616,0.92531,6940.83690,1596.61730,0.90786,18.58322,0.866868,1.0000
slow modulation,0.3,FASTR,2,0.70463,0.66108,65.50273,14.81117,0.35583,0.79266,0.982245,1.0000
slow modulation,0.3,Allen IAR,2,0.90613,0.90532,4856.05178,1090.79109,0.86456,10.31542,0.746227,1.0000
slow modulation,0.3,Local median,2,0.92575,0.92518,7206.11533,1618.47061,0.91168,19.40105,0.866862,1.0000
slow modulation,0.6,FASTR,1,0.73731,0.70698,95.23691,22.00270,0.38713,0.92691,0.990272,1.0000
slow modulation,0.6,Allen IAR,1,0.90625,0.90541,5830.05974,1341.16701,0.89192,14.00878,0.745242,1.0000
slow modulation,0.6,Local median,1,0.92621,0.92543,8479.88985,1950.59081,0.92625,26.31235,0.848475,1.0000
slow modulation,0.6,FASTR,2,0.73983,0.70641,98.91026,22.31237,0.38908,0.96968,0.990270,1.0000
slow modulation,0.6,Allen IAR,2,0.90601,0.90526,6052.94966,1359.61991,0.89642,14.51802,0.745237,1.0000
slow modulation,0.6,Local median,2,0.92554,0.92531,8803.17584,1977.20092,0.92907,27.40544,0.848474,1.0000
anti-alias,off,FASTR,1,0.18081,0.18022,51259.99371,11791.81839,0.17883,48683.58063,0.634554,1.0000
anti-alias,off,Allen IAR,1,0.47747,0.46895,98856.23620,22697.16090,0.60843,100916.36257,0.158862,1.0000
anti-alias,off,Local median,1,0.75353,0.75332,137230.23229,31586.98737,0.70773,142434.45426,0.038929,1.0000
anti-alias,off,FASTR,2,0.18036,0.17996,53213.29989,11952.75207,0.17885,50514.89443,0.634604,1.0000
anti-alias,off,Allen IAR,2,0.48532,0.47582,102415.39264,23055.69777,0.60765,104482.68842,0.159888,1.0000
anti-alias,off,Local median,2,0.75392,0.75327,142464.15660,32018.18255,0.70724,147795.89622,0.038946,1.0000
rate Hz,250,FASTR,1,0.86205,0.84846,302.29337,69.63639,0.77412,5.15537,0.943961,1.0000
rate Hz,250,Allen IAR,1,0.86832,0.86775,5633.16543,1295.95917,0.96279,78.69382,0.819007,1.0000
rate Hz,250,Local median,1,0.87810,0.87761,14469.50699,3328.54924,0.97827,141.77931,0.861533,1.0000
rate Hz,250,FASTR,2,0.86209,0.85026,313.79828,70.58508,0.78284,5.33769,0.943977,1.0000
rate Hz,250,Allen IAR,2,0.86877,0.86795,5848.12297,1313.65963,0.96411,81.57370,0.819013,1.0000
rate Hz,250,Local median,2,0.87893,0.87778,15022.27217,3374.28018,0.97864,147.34941,0.861556,1.0000
rate Hz,1000,FASTR,1,0.72402,0.47905,9.06433,2.17879,0.05975,0.17316,0.997504,1.0000
rate Hz,1000,Allen IAR,1,0.97874,0.97642,1609.43562,370.05132,0.69942,3.80148,0.804948,1.0000
rate Hz,1000,Local median,1,0.99399,0.99237,2499.03271,574.87366,0.76503,4.81928,0.888840,1.0000
rate Hz,1000,FASTR,2,0.73188,0.47464,9.40912,2.21094,0.06178,0.18030,0.997521,1.0000
rate Hz,1000,Allen IAR,2,0.97853,0.97653,1670.59973,375.36359,0.70656,3.87668,0.804738,1.0000
rate Hz,1000,Local median,2,0.99411,0.99242,2594.27652,582.67289,0.77376,5.02125,0.888856,1.0000
marker jitter smp,1,FASTR,1,0.63460,0.57972,52.49504,12.17126,0.29603,0.68895,0.974188,1.0000
marker jitter smp,1,Allen IAR,1,0.93233,0.93195,10919.55351,2511.57706,0.90719,22.22432,0.281868,1.0000
marker jitter smp,1,Local median,1,0.94550,0.94520,16817.01365,3868.42317,0.97548,92.98387,0.255972,1.0000
marker jitter smp,1,FASTR,2,0.65371,0.59860,53.71774,12.16453,0.61456,1.96633,0.973740,1.0000
marker jitter smp,1,Allen IAR,2,0.95962,0.95924,11893.33975,2671.34010,0.93711,44.11497,0.315121,1.0000
marker jitter smp,1,Local median,2,0.94553,0.94509,16991.00565,3816.23711,0.98123,113.60041,0.294308,1.0000
marker jitter smp,3,FASTR,1,0.55683,0.48970,46.67266,10.83096,0.12081,0.30444,0.972504,1.0000
marker jitter smp,3,Allen IAR,1,0.92202,0.92138,10483.03712,2411.25929,0.95988,57.64614,0.309795,1.0000
marker jitter smp,3,Local median,1,0.92736,0.92689,16272.59537,3742.71472,0.97064,117.84744,0.125172,1.0000
marker jitter smp,3,FASTR,2,0.56132,0.49844,47.14097,10.68723,0.12876,0.31835,0.975786,1.0000
marker jitter smp,3,Allen IAR,2,0.93488,0.93027,52830.30310,8249.91765,0.96946,1964.31028,2.587034,1.0000
marker jitter smp,3,Local median,2,0.93371,0.93333,17217.80407,3866.89701,0.96967,122.27310,0.111491,1.0000
marker jitter smp,10,FASTR,1,0.13813,0.12754,40.94145,9.54079,0.06882,0.17170,0.976558,1.0000
marker jitter smp,10,Allen IAR,1,0.84877,0.84586,10945.75542,2563.98794,0.61222,116.61408,0.294772,1.0000
marker jitter smp,10,Local median,1,0.86413,0.86381,14754.36894,3404.56075,0.59893,107.86652,0.041306,1.0000
marker jitter smp,10,FASTR,2,0.33776,0.31104,48.24115,10.93695,0.13565,0.33046,0.977813,1.0000
marker jitter smp,10,Allen IAR,2,0.72561,0.72337,879812.57893,406783.98604,0.64239,137366.94213,121.558919,1.0000
marker jitter smp,10,Local median,2,0.85560,0.85541,15547.77384,3492.91763,0.71605,117.61358,0.045410,1.0000
marker jitter smp,50,FASTR,1,0.02153,0.01766,167.10735,38.60732,0.05084,1.01177,0.968155,1.0000
marker jitter smp,50,Allen IAR,1,0.26211,0.23791,11101.10291,2666.01081,0.59334,441.43016,0.345520,1.0000
marker jitter smp,50,Local median,1,0.26087,0.25952,14539.42704,3351.69353,0.01989,106.90270,0.028700,1.0000
marker jitter smp,50,FASTR,2,0.65489,0.63259,309.27400,69.57138,0.71098,6.69513,0.959846,1.0000
marker jitter smp,50,Allen IAR,2,0.75273,0.74666,4388534.24600,1583303.47187,0.72935,1203715.98534,421.438101,1.0000
marker jitter smp,50,Local median,2,0.22291,0.22026,14930.47078,3354.37831,0.00000,111.39894,0.031731,1.0000
dropped markers,0.05,FASTR,1,0.69476,0.64334,1231.11315,283.28432,0.43231,11.06351,0.889016,1.0000
dropped markers,0.05,Allen IAR,1,0.88472,0.78395,5428.58748,1890.59534,0.61524,849.43515,0.911955,1.0000
dropped markers,0.05,Local median,1,0.92417,0.92330,6313.19763,1452.28546,0.87099,19.44340,0.815948,1.0000
dropped markers,0.05,FASTR,2,0.70817,0.65222,573.96481,129.01241,0.43203,5.40929,0.939001,1.0000
dropped markers,0.05,Allen IAR,2,0.88877,0.86835,4909.67160,1240.71815,0.74969,210.76938,0.767812,1.0000
dropped markers,0.05,Local median,2,0.92549,0.92488,6442.48369,1447.10386,0.89409,17.65164,0.842045,1.0000
dropped markers,0.20,FASTR,1,0.71691,0.67003,2711.27476,623.76566,0.57446,23.77957,0.785806,1.0000
dropped markers,0.20,Allen IAR,1,0.77671,0.75227,8696.23417,2044.23149,0.62095,2324.86561,0.902471,1.0000
dropped markers,0.20,Local median,1,0.92380,0.92331,7181.78005,1652.00045,0.87030,28.84441,0.722750,1.0000
dropped markers,0.20,FASTR,2,0.72325,0.67072,2203.31150,494.95694,0.53098,19.23069,0.830495,1.0000
dropped markers,0.20,Allen IAR,2,0.80842,0.78334,7196.29247,1911.45012,0.69089,1113.08360,0.834943,1.0000
dropped markers,0.20,Local median,2,0.92697,0.92652,7544.64965,1694.50849,0.89955,28.35505,0.745413,1.0000
FASTR donors/side,1,FASTR,1,0.67503,0.59783,51.16961,12.16573,0.31293,1.06842,0.975011,1.0000
FASTR donors/side,1,FASTR,2,0.67200,0.60040,53.12889,12.34174,0.30378,1.10683,0.975008,1.0000
FASTR donors/side,2,FASTR,1,0.70689,0.65304,60.30744,14.06761,0.35607,0.90312,0.970280,1.0000
FASTR donors/side,2,FASTR,2,0.70817,0.65439,62.61163,14.26951,0.36479,0.93414,0.970252,1.0000
FASTR donors/side,15,FASTR,1,0.70382,0.64805,51.54610,11.88515,0.36423,0.63995,0.975759,1.0000
FASTR donors/side,15,FASTR,2,0.70723,0.64863,53.52316,12.04662,0.36926,0.66854,0.975755,1.0000
synced,clk0 mod0,FASTR,1,0.52243,0.22053,1.36530,0.40609,0.41988,0.95511,0.999593,1.0000
synced,clk0 mod0,Allen IAR,1,0.77566,0.44466,3.74490,0.89972,0.80845,4.56127,1.000063,1.0000
synced,clk0 mod0,Local median,1,0.49700,0.20133,1.30765,0.41900,0.41570,0.97528,0.999795,1.0000
synced,clk0 mod0,FASTR,2,0.53344,0.22977,1.41572,0.41777,0.43389,0.99269,0.999597,1.0000
synced,clk0 mod0,Allen IAR,2,0.78096,0.46216,3.89731,0.91398,0.81321,4.74932,1.000058,1.0000
synced,clk0 mod0,Local median,2,0.50806,0.20858,1.35101,0.42722,0.42684,1.00768,0.999797,1.0000
synced 1 kHz,clk0 mod0,FASTR,1,0.07808,0.05711,0.21274,0.14306,0.06674,0.15329,0.999069,1.0000
synced 1 kHz,clk0 mod0,Allen IAR,1,0.97120,0.89743,38.04784,9.78092,0.97400,41.83663,1.008039,1.0000
synced 1 kHz,clk0 mod0,Local median,1,0.07064,0.05199,0.23095,0.16921,0.05937,0.18304,0.999354,1.0000
synced 1 kHz,clk0 mod0,FASTR,2,0.08069,0.05904,0.22175,0.14845,0.05963,0.16128,0.999084,1.0000
synced 1 kHz,clk0 mod0,Allen IAR,2,0.97262,0.90192,40.31100,10.35064,0.97520,44.49389,1.008242,1.0000
synced 1 kHz,clk0 mod0,Local median,2,0.06850,0.04906,0.23641,0.17195,0.05673,0.18340,0.999357,1.0000
FASTR radius,15,FASTR r15,1,0.70263,0.64276,52.69757,12.21804,0.35744,0.76123,0.974200,1.0000
FASTR radius,15,FASTR r15,2,0.70481,0.64589,54.71721,12.38980,0.37554,0.79315,0.974176,1.0000
FASTR radius,15 clk0,FASTR r15,1,0.57713,0.24458,1.93080,0.53598,0.37707,0.82481,1.004426,1.0000
FASTR radius,15 clk0,FASTR r15,2,0.58895,0.26377,2.00233,0.54942,0.39063,0.85816,1.004433,1.0000
FASTR alignment,off,FASTR no-align,1,0.92118,0.92078,4990.11521,1148.28159,0.85358,8.81797,0.687187,1.0000
FASTR alignment,off,FASTR no-align,2,0.92099,0.92018,5181.68813,1163.54344,0.86262,9.15185,0.687200,1.0000
sim template,padded,FASTR,1,0.66620,0.60119,48.14484,11.17115,0.37043,0.79914,0.969593,1.0000
sim template,padded,Allen IAR,1,0.93448,0.93209,3910.33674,899.57879,0.83205,7.89171,0.752674,1.0000
sim template,padded,Local median,1,0.89205,0.89101,6025.02662,1386.12856,0.88740,14.08613,0.869413,1.0000
sim template,padded,FASTR,2,0.66349,0.60286,49.99073,11.32899,0.38917,0.83250,0.969569,1.0000
sim template,padded,Allen IAR,2,0.93366,0.93277,4059.86262,911.97758,0.83879,8.20647,0.752447,1.0000
sim template,padded,Local median,2,0.89173,0.89037,6255.15979,1405.03213,0.89083,14.69552,0.869377,1.0000
