case,signal,condition,error50,error90,r50,beta50
volume-up1,brain-transients,clean,0.667431,0.696636,0.943215,1.003366
volume-up1,brain-transients,artifact,0.108116,0.108144,0.952180,1.022273
volume-up1,erp,clean,0.645774,0.858808,0.656895,0.428332
volume-up1,erp,artifact,0.905738,0.905768,0.309542,0.107212
volume-up5,brain-transients,clean,0.275856,0.401033,0.937505,1.018844
volume-up5,brain-transients,artifact,0.101837,0.101854,0.954772,1.022217
volume-up5,erp,clean,0.714486,1.770947,0.603071,0.403533
volume-up5,erp,artifact,0.862988,0.863138,0.370283,0.140242
slice-temporal-up1,brain-transients,clean,0.230744,0.260486,0.900532,0.982390
slice-temporal-up1,brain-transients,artifact,0.155555,0.157140,0.929625,0.990747
slice-temporal-up1,erp,clean,0.521858,1.503492,0.759715,0.746819
slice-temporal-up1,erp,artifact,0.309117,0.310081,0.835202,0.758223
slice-temporal-up10,brain-transients,clean,0.238500,0.309683,0.896568,0.988305
slice-temporal-up10,brain-transients,artifact,0.145363,0.146364,0.933460,0.989586
slice-temporal-up10,erp,clean,0.573860,9.481329,0.713405,0.699854
slice-temporal-up10,erp,artifact,0.299076,0.299865,0.840222,0.763193
slice-same-slice-up10,brain-transients,clean,0.286723,0.403659,0.925408,1.001369
slice-same-slice-up10,brain-transients,artifact,0.156275,0.158766,0.930678,1.002695
slice-same-slice-up10,erp,clean,1.410997,24.757072,0.026378,0.046054
slice-same-slice-up10,erp,artifact,0.974649,0.978859,0.223452,0.084402
slice-correlation-up4,brain-transients,clean,0.346432,0.416940,0.893823,0.987202
slice-correlation-up4,brain-transients,artifact,0.123161,0.206675,0.946521,1.027452
slice-correlation-up4,erp,clean,0.654828,8.392930,0.720062,0.698184
slice-correlation-up4,erp,artifact,0.909357,0.909387,0.312337,0.121881
slice-correlation-up10,brain-transients,clean,0.367777,0.403263,0.893069,0.989487
slice-correlation-up10,brain-transients,artifact,0.108211,0.109451,0.953096,1.022575
slice-correlation-up10,erp,clean,0.672787,9.481329,0.713405,0.692341
slice-correlation-up10,erp,artifact,0.892896,0.894977,0.332781,0.130253
slice-squared-correlation-up10,brain-transients,clean,0.242594,0.363055,0.939682,1.015376
slice-squared-correlation-up10,brain-transients,artifact,0.108686,0.109743,0.953092,1.022562
slice-squared-correlation-up10,erp,clean,1.435650,12.947090,0.075579,0.038693
slice-squared-correlation-up10,erp,artifact,0.894813,0.895783,0.330364,0.129395
